Date,Region,Product,Units Sold,Unit Price,Cost Price,Salesperson,Sales,Profit
2024-08-26,South,Smartphone,65,510.53,496.86,Debra Porter,33184.45,888.5499999999973
2024-05-16,South,Laptop,35,152.23,1154.2,Kyle Silva,5328.049999999999,-35068.950000000004
2024-11-16,West,Keyboard,44,1058.53,797.45,Lisa Stevenson,46575.32,11487.519999999997
2024-11-20,West,Mouse,55,1005.62,433.04,David Barker,55309.1,31491.899999999994
2024-10-29,South,Laptop,28,1219.31,1020.18,Sarah Gonzalez,34140.68,5575.639999999999
2024-07-10,East,Keyboard,3,536.77,134.86,Jeremy Harris,1610.31,1205.73
2025-02-15,North,Smartphone,17,315.68,1034.59,Andrea Ross,5366.56,-12221.469999999998
2024-05-05,South,Mouse,30,1394.3,582.11,Susan Barton,41829.0,24365.699999999997
2024-10-01,East,Keyboard,79,918.15,402.63,Whitney Griffin,72533.84999999999,40726.08
2025-03-07,East,Mouse,52,466.82,553.01,Jeffrey Chavez,24274.64,-4481.88
2024-09-02,West,Smartphone,9,865.02,851.73,Jeffrey Melendez,7785.18,119.60999999999967
2025-02-14,South,Tablet,31,1007.02,105.7,Rachel Fisher,31217.62,27940.92
2024-04-17,South,Keyboard,54,803.42,276.3,Kevin Gonzalez,43384.68,28464.479999999996
2024-10-30,North,Laptop,53,673.65,619.2,Haley Lambert,35703.45,2885.8499999999963
2024-10-07,North,Smartphone,42,383.3,1158.66,Jonathan Gomez,16098.6,-32565.120000000006
2024-09-19,North,Tablet,6,1410.8,490.1,Amy Wong,8464.8,5524.2
2024-08-25,North,Laptop,85,1492.8,652.49,Stephen Mcdaniel,126888.0,71426.34999999999
2024-07-16,North,Mouse,82,1181.37,1026.68,William Ward,96872.34,12684.579999999985
2024-11-08,North,Laptop,51,713.74,1092.06,Shelby Anderson,36400.74,-19294.319999999996
2024-08-19,South,Monitor,84,1293.51,373.66,Roger Smith,108654.84,77267.4
2025-02-18,East,Monitor,79,1174.45,184.26,Renee Hernandez,92781.55,78225.01000000001
2025-04-04,South,Tablet,78,1443.85,768.82,Christine Thompson,112620.29999999999,52652.33999999999
2024-07-07,North,Monitor,5,1177.42,266.6,Jacqueline Glenn,5887.1,4554.1
2025-03-13,East,Monitor,92,103.44,1018.75,Lori Valdez,9516.48,-84208.51999999999
2024-07-04,West,Keyboard,7,1020.14,1173.12,Christine Carpenter,7140.98,-1070.8599999999992
2024-09-11,North,Tablet,48,544.14,695.6,Darryl Fisher,26118.72,-7270.080000000002
2025-02-24,West,Tablet,13,787.29,100.79,Karen Davis,10234.77,8924.5
2024-04-26,North,Keyboard,72,121.54,227.63,Jason Molina,8750.880000000001,-7638.48
2024-09-26,West,Monitor,68,951.61,214.52,David Brown,64709.48,50122.12
2024-08-06,South,Laptop,63,491.01,990.48,Christopher Morales,30933.63,-31466.61
2025-02-24,East,Smartphone,33,442.04,1195.53,Nathan Reynolds,14587.320000000002,-24865.170000000002
2024-05-02,South,Monitor,42,477.15,41.75,William Stephens,20040.3,18286.8
2024-10-03,West,Mouse,22,531.33,207.56,Laura Costa,11689.26,7122.9400000000005
2025-02-27,South,Keyboard,69,963.3,957.69,Michael Bray,66467.7,387.0899999999931
2025-03-31,North,Smartphone,39,975.2,1104.53,Billy Webster,38032.8,-5043.869999999997
2024-11-07,South,Mouse,52,723.45,167.35,Alvin Smith,37619.4,28917.2
2024-10-09,West,Keyboard,92,662.97,176.07,Tony Lucas,60993.240000000005,44794.8
2024-11-14,West,Laptop,97,471.36,572.4,Sara Estrada,45721.92,-9800.879999999997
2024-11-07,North,Monitor,29,1373.23,811.94,Heather Roman,39823.67,16277.41
2024-07-16,West,Mouse,32,124.08,43.31,Julian Hardy,3970.56,2584.64
2024-08-13,West,Tablet,68,57.26,833.19,Peter Brown,3893.68,-52763.240000000005
2024-07-11,East,Mouse,77,938.79,387.28,Kayla Thomas,72286.83,42466.27
2024-05-18,West,Laptop,23,1412.79,325.19,Michael Mathis,32494.17,25014.8
2024-10-12,West,Smartphone,33,1286.91,749.48,Patricia Flores,42468.030000000006,17735.190000000002
2024-04-15,West,Monitor,22,1375.53,314.09,David Kim,30261.66,23351.68
2024-07-04,East,Mouse,32,800.34,1078.23,Meagan Ponce,25610.88,-8892.48
2024-07-05,West,Mouse,17,307.08,794.68,Michael Mcdonald III,5220.36,-8289.199999999999
2024-07-26,West,Smartphone,28,181.1,43.32,Sandra Morgan,5070.8,3857.84
2024-09-01,East,Keyboard,89,313.41,390.1,Michael Hill,27893.49,-6825.41
2024-07-25,North,Monitor,43,375.99,718.84,Jermaine White,16167.57,-14742.550000000001
2025-02-02,North,Keyboard,65,70.34,1010.28,Kristina Peterson,4572.1,-61096.1
2024-11-02,South,Keyboard,32,279.88,722.16,Diana Baker,8956.16,-14152.96
2024-05-05,South,Monitor,23,628.97,573.13,William Chambers,14466.310000000001,1284.3200000000006
2024-08-29,East,Monitor,98,299.75,672.01,Cory Woods,29375.5,-36481.479999999996
2024-04-29,South,Tablet,25,825.16,225.14,Tricia Bennett,20629.0,15000.5
2024-08-15,East,Laptop,54,675.99,219.69,Brittney Werner,36503.46,24640.2
2025-01-27,East,Keyboard,6,118.94,1193.9,Joshua Sellers,713.64,-6449.76
2024-04-25,North,Tablet,77,71.72,105.27,Emily Turner,5522.44,-2583.35
2024-11-24,North,Keyboard,56,562.55,703.83,Terry Small,31502.799999999996,-7911.680000000005
2024-09-26,South,Keyboard,37,1129.41,569.51,Anthony Lane,41788.170000000006,20716.300000000003
2024-04-21,South,Tablet,50,283.84,85.88,John Gomez,14191.999999999998,9897.999999999998
2025-02-01,East,Laptop,43,1237.93,247.18,Mary Deleon,53230.990000000005,42602.25
2024-06-27,South,Laptop,14,175.88,435.15,Corey Glenn,2462.3199999999997,-3629.7799999999997
2024-12-31,North,Keyboard,56,1022.92,368.46,Matthew Krueger,57283.52,36649.76
2024-11-17,North,Laptop,64,717.11,405.48,Vanessa Allen,45895.04,19944.32
2025-02-05,East,Keyboard,50,368.4,510.87,Nathan Moore,18420.0,-7123.500000000002
2025-02-23,South,Smartphone,31,1317.37,620.27,Mary Henderson,40838.469999999994,21610.1
2024-10-14,West,Tablet,84,761.25,567.17,Nicholas Moore,63945.0,16302.720000000003
2025-02-18,West,Monitor,73,107.82,909.63,Meghan Douglas,7870.86,-58532.13
2024-04-18,East,Smartphone,87,1368.76,122.75,Amanda Chavez,119082.12,108402.87
2024-08-05,South,Keyboard,98,911.59,964.92,Mr. Chad Hickman,89335.82,-5226.339999999993
2024-08-27,South,Monitor,11,750.44,233.58,Peter Le,8254.84,5685.46
2024-12-07,West,Tablet,51,739.79,331.98,Jasmine Garcia,37729.29,20798.309999999998
2024-04-15,West,Monitor,42,611.82,1063.31,Jeffery Coleman,25696.440000000002,-18962.579999999994
2024-04-30,East,Monitor,90,890.53,270.96,Jamie Watson,80147.7,55761.299999999996
2024-05-06,West,Laptop,27,256.34,469.6,William Thomas,6921.179999999999,-5758.020000000001
2024-07-29,South,Laptop,74,1420.3,147.45,Jennifer Mayer,105102.2,94190.9
2024-08-13,South,Monitor,46,467.96,794.55,Mary Castro,21526.16,-15023.14
2024-10-09,West,Mouse,53,150.54,583.48,Justin Simon,7978.62,-22945.820000000003
2024-11-05,East,Monitor,43,830.26,335.58,Teresa Green,35701.18,21271.24
2024-05-05,South,Tablet,70,512.65,66.42,Richard Perez,35885.5,31236.1
2024-05-13,North,Tablet,76,1084.7,1151.22,Kimberly Mullen,82437.2,-5055.519999999999
2025-03-16,South,Mouse,89,1148.81,663.2,Elizabeth Russell,102244.09,43219.28999999999
2024-08-11,West,Laptop,5,1444.92,670.34,Thomas Gonzales,7224.6,3872.9
2025-02-23,East,Keyboard,17,376.94,88.16,Thomas Brown,6407.98,4909.259999999999
2024-04-19,East,Keyboard,2,667.68,1034.41,Melinda Navarro,1335.36,-733.4600000000003
2025-04-06,West,Laptop,23,1242.82,252.22,Colin Ferguson,28584.859999999997,22783.8
2025-01-18,North,Smartphone,40,51.11,1146.17,Dave Phillips,2044.4,-43802.40000000001
2025-03-03,South,Monitor,97,1439.69,829.53,Kyle Mccoy,139649.93,59185.52000000001
2024-12-09,South,Laptop,49,839.09,1127.09,Frank Myers,41115.41,-14111.999999999995
2025-02-02,East,Smartphone,3,1008.54,1195.11,Terry Kelley,3025.62,-559.7099999999998
2024-04-09,South,Tablet,8,138.64,291.53,Mrs. Lauren Conley,1109.12,-1223.12
2025-03-07,North,Monitor,60,465.89,903.35,Aaron Thomas,27953.399999999998,-26247.600000000002
2025-02-09,South,Monitor,99,821.62,145.45,Heather Villarreal,81340.38,66940.83
2024-12-12,South,Keyboard,44,714.86,1165.51,Patricia Young,31453.84,-19828.6
2024-09-01,East,Mouse,91,112.17,913.92,Megan Mann,10207.47,-72959.25
2024-04-10,North,Keyboard,27,494.05,462.63,Shane Brown,13339.35,848.3400000000004
2025-03-06,South,Mouse,29,453.87,1187.96,Cassandra Stanley,13162.23,-21288.61
2025-01-10,North,Tablet,6,790.23,228.67,Jonathan Johnson,4741.38,3369.3600000000006
2024-09-23,South,Keyboard,92,423.44,699.12,Monica Davis,38956.48,-25362.56
2025-01-19,West,Smartphone,36,771.56,814.56,Melissa Turner,27776.159999999996,-1548.0
2024-10-28,South,Keyboard,92,1136.87,454.76,Julie Rodriguez,104592.04,62754.11999999999
2024-08-26,West,Tablet,53,1254.4,1018.32,Susan Hawkins,66483.20000000001,12512.240000000002
2025-02-19,South,Keyboard,40,714.09,259.39,John Gamble,28563.600000000002,18188.0
2024-07-16,West,Tablet,53,374.07,43.78,Thomas Obrien,19825.71,17505.37
2024-06-21,East,Smartphone,59,131.16,72.37,Margaret Torres,7738.44,3468.6099999999997
2025-02-21,North,Mouse,51,704.93,757.89,Robert Meyer,35951.43,-2700.960000000002
2025-01-11,South,Keyboard,25,450.07,1127.43,Dr. Alexandra Johnson,11251.75,-16934.000000000004
2024-05-08,East,Keyboard,32,708.24,100.67,Karen Shelton,22663.68,19442.24
2025-01-24,North,Keyboard,14,1308.99,469.1,David Browning,18325.86,11758.46
2025-02-26,West,Laptop,23,159.72,1012.08,Rhonda Franco,3673.56,-19604.28
2024-07-10,West,Tablet,71,82.46,1144.19,Christopher Montgomery,5854.66,-75382.83
2025-02-14,North,Mouse,47,549.69,84.79,Cynthia Cruz,25835.430000000004,21850.300000000003
2024-04-24,West,Mouse,81,87.4,706.55,Dan Monroe,7079.400000000001,-50151.15
2024-08-07,West,Monitor,14,971.94,380.75,Debbie Lee,13607.16,8276.66
2024-05-29,North,Mouse,40,1217.19,1096.33,Karla Cochran,48687.600000000006,4834.400000000005
2024-05-15,East,Tablet,91,644.37,642.3,Brittany Lopez MD,58637.67,188.37000000000455
2024-09-06,West,Keyboard,88,743.28,1031.33,Darren Rodgers,65408.64,-25348.399999999994
2024-12-13,West,Smartphone,89,223.16,279.52,Christian Graham,19861.239999999998,-5016.039999999999
2024-08-23,West,Mouse,94,1408.42,780.46,Virginia Hunter MD,132391.48,59028.240000000005
2024-07-11,North,Tablet,79,542.87,898.33,Mary Jones,42886.73,-28081.340000000004
2025-02-03,West,Keyboard,65,1002.27,1024.88,Garrett Hernandez,65147.549999999996,-1469.6500000000083
2025-01-17,West,Tablet,26,1276.69,1174.53,Michael Santos,33193.94,2656.160000000002
2024-07-20,West,Mouse,91,463.47,115.84,Devin Garcia,42175.770000000004,31634.329999999998
2025-02-18,North,Keyboard,60,1052.37,289.3,Emily Williamson,63142.2,45784.2
2025-03-22,West,Monitor,7,282.23,972.96,Kimberly Miller,1975.6100000000001,-4835.110000000001
2025-02-22,West,Tablet,97,103.57,1045.73,Christopher Coleman,10046.289999999999,-91389.52
2025-03-23,West,Tablet,79,797.27,733.95,William Klein,62984.33,5002.279999999995
2025-01-23,South,Keyboard,5,1262.97,70.81,David Johnston,6314.85,5960.8
2025-03-02,East,Monitor,26,389.95,65.09,Ivan Sanders,10138.699999999999,8446.36
2024-12-02,North,Tablet,89,965.6,124.46,Victoria Davis,85938.40000000001,74861.45999999999
2025-02-05,West,Monitor,14,791.3,1023.96,Misty Reynolds,11078.199999999999,-3257.240000000001
2025-02-15,West,Smartphone,52,1199.89,819.24,Timothy Perez,62394.280000000006,19793.800000000003
2025-03-19,West,Keyboard,73,123.21,219.57,Emily Keith PhD,8994.33,-7034.28
2024-08-04,South,Smartphone,71,736.14,1163.93,Kevin Richardson,52265.94,-30373.090000000004
2025-03-01,West,Smartphone,56,686.19,1085.98,Barbara Orozco,38426.64,-22388.239999999998
2024-09-05,South,Monitor,42,227.49,911.75,Charles Lamb,9554.58,-28738.92
2024-12-30,East,Smartphone,35,1295.99,912.11,Randy Watkins,45359.65,13435.8
2025-02-27,East,Monitor,4,1474.49,489.9,Edward Smith,5897.96,3938.36
2024-06-22,East,Laptop,11,1306.04,516.82,Rebecca Reid,14366.439999999999,8681.419999999998
2024-12-01,East,Smartphone,50,1210.89,826.02,James Roberts,60544.50000000001,19243.500000000007
2025-01-31,West,Mouse,19,1013.07,96.06,Karen Vasquez,19248.33,17423.19
2024-06-01,South,Smartphone,91,1390.49,840.31,Robert Wiggins,126534.59,50066.380000000005
2024-05-11,South,Tablet,63,1350.07,79.41,Tina West,85054.40999999999,80051.57999999999
2024-04-30,North,Laptop,26,215.7,470.52,Kimberly Schmidt,5608.2,-6625.32
2024-08-19,South,Laptop,79,312.68,882.58,Lisa Page,24701.72,-45022.100000000006
2024-08-06,East,Laptop,34,315.76,534.32,Jeffery Jackson,10735.84,-7431.040000000002
2024-07-04,West,Mouse,55,1125.79,484.9,Alicia Manning,61918.45,35248.95
2024-07-30,North,Keyboard,41,885.83,456.47,Thomas Reese,36319.03,17603.760000000002
2024-08-28,East,Laptop,42,611.64,696.2,Christine Moon,25688.88,-3551.5200000000023
2024-07-15,West,Mouse,12,627.08,601.38,Edward Jones,7524.960000000001,308.40000000000055
2025-03-24,East,Keyboard,10,1323.57,409.03,Derek Thomas,13235.699999999999,9145.4
2024-10-15,North,Keyboard,52,981.86,873.24,Stephen Oneill,51056.72,5648.24
2024-12-15,East,Keyboard,63,723.56,1157.71,Evan Davis,45584.28,-27351.450000000004
2024-12-16,East,Keyboard,70,1397.05,195.98,Catherine Hays,97793.5,84074.9
2024-07-26,South,Laptop,84,1060.73,802.31,Brandi Montoya,89101.32,21707.280000000006
2024-09-09,East,Keyboard,90,697.26,808.37,Emily Leonard,62753.4,-9999.900000000001
2024-06-12,East,Tablet,48,746.54,667.88,Lindsey Bauer,35833.92,3775.6799999999985
2024-05-05,North,Mouse,78,234.47,313.1,Christopher Allen,18288.66,-6133.140000000002
2024-07-26,East,Mouse,67,398.14,676.15,David Evans,26675.379999999997,-18626.67
2025-01-30,North,Tablet,54,980.76,654.08,Brent Mccarthy,52961.04,17640.719999999998
2025-02-06,East,Keyboard,10,1296.29,189.62,Martha Farrell,12962.9,11066.7
2024-06-18,East,Monitor,30,465.81,274.14,Meredith Sanchez,13974.3,5750.1
2024-12-12,West,Tablet,77,372.51,753.9,Shane Patterson,28683.27,-29367.03
2024-05-22,West,Monitor,61,658.97,951.81,Susan Nicholson,40197.17,-17863.239999999994
2024-04-26,North,Monitor,37,1318.69,286.72,Randy Morales,48791.53,38182.89
2025-01-27,East,Monitor,45,654.32,974.08,Joseph Knight,29444.4,-14389.199999999999
2024-10-18,East,Keyboard,10,1164.37,310.07,Robert Franklin,11643.699999999999,8543.0
2024-08-28,North,Keyboard,30,935.35,379.98,Natalie Hernandez,28060.5,16661.1
2024-12-16,West,Laptop,35,1390.6,741.19,Brandon Griffin,48671.0,22729.349999999995
2024-12-29,North,Keyboard,69,923.44,1112.83,Regina Diaz,63717.36,-13067.90999999999
2024-07-17,South,Mouse,68,695.4,632.82,Angela Wilson,47287.2,4255.439999999995
2024-11-13,East,Mouse,84,167.27,926.4,Sophia Allison,14050.68,-63766.92
2024-11-28,North,Keyboard,44,977.94,183.56,Jacob Swanson,43029.36,34952.72
2024-11-19,East,Tablet,21,557.96,458.46,Lori Martinez,11717.16,2089.5000000000014
2024-10-03,East,Laptop,22,1231.69,492.81,Scott Robinson,27097.18,16255.360000000002
2024-07-07,South,Smartphone,33,821.51,1177.79,Amy Powell,27109.829999999998,-11757.24
2024-10-02,East,Mouse,73,547.16,797.98,Erin Ray,39942.68,-18309.860000000004
2024-07-27,West,Keyboard,94,218.83,847.36,Michael Lane,20570.02,-59081.82
2024-11-15,West,Mouse,41,456.1,792.77,Cole Turner,18700.100000000002,-13803.469999999998
2024-12-06,East,Laptop,89,383.11,269.04,Michael Taylor,34096.79,10152.23
2024-05-03,North,Smartphone,74,311.17,490.81,Harry Bates,23026.58,-13293.359999999999
2024-11-01,West,Smartphone,66,934.21,64.77,William Franco,61657.86,57383.04
2024-05-07,South,Tablet,21,953.58,931.63,Michael Washington,20025.18,460.95000000000095
2024-08-31,South,Mouse,75,1233.57,556.81,Keith Lee,92517.75,50757.0
2024-06-12,North,Laptop,61,1436.72,91.4,Stephanie Ryan,87639.92,82064.51999999999
2025-03-01,South,Monitor,34,682.2,1088.82,Samuel Foster,23194.800000000003,-13825.079999999996
2024-10-16,North,Smartphone,4,492.12,129.83,Claire Ware,1968.48,1449.1599999999999
2024-11-30,North,Smartphone,42,194.19,900.47,April Chaney,8155.98,-29663.76
2024-10-23,East,Mouse,53,1416.26,940.25,Robert Fox,75061.78,25228.53
2024-12-15,East,Tablet,21,949.79,656.8,Brandon Oliver,19945.59,6152.79
2024-07-04,North,Monitor,28,276.85,519.46,Caitlin Lucas,7751.800000000001,-6793.08
2025-01-15,South,Tablet,17,502.24,1199.99,Joe Saunders,8538.08,-11861.75
2025-03-15,South,Smartphone,72,1063.37,698.81,Jose Burns DVM,76562.63999999998,26248.319999999996
2024-10-15,South,Mouse,27,145.98,868.14,Melissa Snow,3941.4599999999996,-19498.32
2024-05-19,North,Tablet,99,487.72,642.05,Collin Davis,48284.280000000006,-15278.669999999993
2024-05-24,South,Tablet,68,195.46,64.62,Robert Cooke,13291.28,8897.12
2025-03-17,South,Tablet,87,240.35,905.57,Evan Reese,20910.45,-57874.14
2025-01-31,North,Laptop,52,1317.8,649.26,Brian Martin,68525.59999999999,34764.08
2025-02-03,South,Mouse,85,1347.91,981.86,Joseph Bishop,114572.35,31114.250000000007
2024-11-23,West,Tablet,69,253.03,704.17,Walter Clarke,17459.07,-31128.66
2024-11-23,East,Laptop,98,1339.22,176.78,Stephen Estes,131243.56,113919.12000000001
2024-08-04,West,Keyboard,93,1117.5,84.95,Richard Schaefer,103927.5,96027.15
2024-09-21,West,Tablet,36,964.84,66.8,Kelly Martinez,34734.24,32329.440000000002
2024-09-13,West,Mouse,97,1441.65,599.46,Karen Sherman,139840.05000000002,81692.43000000001
2024-10-27,South,Mouse,39,1136.63,413.07,Charles Martin,44328.57000000001,28218.840000000007
2024-12-14,West,Monitor,76,570.31,67.69,John Parsons,43343.56,38199.119999999995
2024-08-10,South,Smartphone,14,381.13,916.44,Robert Phillips,5335.82,-7494.340000000001
2024-11-08,South,Tablet,82,552.59,816.5,Larry Browning,45312.380000000005,-21640.62
2025-01-14,East,Mouse,23,1141.24,465.24,Christopher Collins,26248.52,15548.0
2024-06-26,South,Tablet,59,411.63,578.49,Gregory Palmer,24286.17,-9844.740000000002
2024-11-05,North,Laptop,86,1111.31,274.52,Melanie West,95572.65999999999,71963.94
2024-11-30,East,Monitor,83,1348.29,1075.18,Scott Scott,111908.06999999999,22668.12999999999
2024-08-09,West,Mouse,29,936.09,1183.39,Alicia Ayala,27146.61,-7171.700000000002
2025-02-05,North,Smartphone,52,83.4,1193.24,Katie Sandoval,4336.8,-57711.67999999999
2024-06-29,East,Laptop,35,1349.72,219.53,David Malone,47240.200000000004,39556.65
2024-10-31,West,Mouse,50,1153.05,1158.0,Christopher Washington,57652.5,-247.50000000000227
2024-09-08,South,Mouse,58,372.01,868.12,Suzanne Mills,21576.579999999998,-28774.38
2024-11-15,West,Mouse,27,507.69,681.49,Savannah Allen,13707.63,-4692.6
2024-06-27,South,Tablet,22,448.46,497.24,Scott Nguyen,9866.119999999999,-1073.1600000000008
2024-05-14,South,Tablet,58,1064.92,527.25,Mrs. Katrina Garcia,61765.36,31184.860000000004
2024-07-25,West,Tablet,83,79.4,736.6,Matthew Williams,6590.200000000001,-54547.600000000006
2024-04-30,West,Tablet,54,723.3,175.0,Kathleen Schmidt,39058.2,29608.199999999997
2025-03-09,West,Monitor,82,1098.24,458.01,Melinda Brown,90055.68000000001,52498.86
2025-03-31,North,Tablet,97,467.78,397.49,Sabrina Thompson,45374.659999999996,6818.1299999999965
2024-12-23,East,Tablet,43,1191.93,313.07,Kimberly Hammond,51252.990000000005,37790.98
2025-02-21,East,Monitor,100,601.23,686.59,Jerry Rivera,60123.0,-8536.000000000002
2024-11-15,North,Laptop,31,1294.8,806.14,Jeffery Rivas,40138.799999999996,15148.46
2024-04-25,West,Mouse,57,1236.35,732.42,Madison Hale,70471.95,28724.01
2024-07-14,East,Laptop,87,271.89,658.69,Amber Ray,23654.43,-33651.600000000006
2025-03-13,South,Monitor,17,208.42,93.28,Linda Walker,3543.14,1957.3799999999997
2024-05-12,North,Tablet,26,146.2,1031.13,Brett Sosa,3801.2,-23008.18
2025-02-28,North,Laptop,69,1274.25,562.64,Christine Horn,87923.25,49101.090000000004
2025-03-26,West,Tablet,49,614.69,545.5,John Nicholson,30119.81,3390.3100000000027
2025-03-11,North,Mouse,30,656.24,399.53,Victoria Moore,19687.2,7701.300000000001
2025-01-31,West,Monitor,75,691.57,1038.9,Luis Marshall,51867.75000000001,-26049.750000000004
2025-03-14,West,Keyboard,93,942.56,753.82,Tracey Cook,87658.08,17552.81999999999
2024-10-14,West,Mouse,89,1099.47,1008.45,Brandon Johnson,97852.83,8100.779999999999
2024-06-26,South,Monitor,86,87.94,1108.15,Taylor Hayes,7562.84,-87738.06
2024-08-15,West,Monitor,40,895.02,423.6,Kristina Lewis,35800.8,18856.8
2024-07-30,North,Laptop,62,271.69,879.03,Jacob Marshall Jr.,16844.78,-37655.079999999994
2024-12-20,South,Monitor,89,1063.16,429.59,Kevin Valdez,94621.24,56387.73000000002
2024-10-04,North,Smartphone,45,242.86,1182.57,Monica Mann,10928.7,-42286.95
2024-08-01,East,Keyboard,44,388.48,830.66,Ashley Raymond,17093.120000000003,-19455.92
2025-01-04,North,Monitor,66,1099.51,550.29,Nicholas Robinson,72567.66,36248.520000000004
2024-10-08,North,Keyboard,29,459.69,728.42,Jonathan Miller,13331.01,-7793.169999999999
2024-06-15,North,Smartphone,40,1426.66,754.2,Brenda Lewis,57066.4,26898.4
2024-10-12,North,Tablet,51,964.4,634.71,Justin Shaffer,49184.4,16814.19
2024-04-25,North,Monitor,86,371.33,581.71,Diane Miller,31934.379999999997,-18092.680000000004
2024-12-16,West,Monitor,13,108.33,196.89,Mary Rhodes,1408.29,-1151.2799999999997
2024-08-01,West,Keyboard,94,1407.76,788.38,Leslie Pena,132329.44,58221.72
2024-12-03,South,Smartphone,24,1447.54,61.95,James Summers,34740.96,33254.159999999996
2024-07-10,East,Mouse,99,528.18,1083.38,John Dixon,52289.81999999999,-54964.80000000002
2024-09-21,South,Keyboard,32,130.96,45.24,Sheila Boyer,4190.72,2743.04
2024-10-02,East,Tablet,81,833.75,402.07,Colleen Martinez,67533.75,34966.08
2024-12-04,South,Monitor,74,628.35,76.2,Jim Holloway,46497.9,40859.1
2024-08-04,North,Monitor,66,1396.07,477.07,Kimberly Martin,92140.62,60654.0
2025-03-09,West,Tablet,25,58.6,645.59,Hannah Melendez,1465.0,-14674.75
2024-05-17,North,Laptop,39,379.8,1039.86,Joseph Arnold,14812.2,-25742.339999999997
2025-02-03,West,Smartphone,7,903.9,1184.76,Stephen Williams,6327.3,-1966.02
2025-02-06,West,Keyboard,76,591.6,148.86,Robert Ross,44961.6,33648.24
2024-10-01,East,Mouse,95,74.28,645.86,Raven Brown,7056.6,-54300.100000000006
2024-08-17,West,Keyboard,54,1369.68,682.05,Bryan Nelson,73962.72,37132.020000000004
2025-03-01,West,Mouse,46,1087.27,239.04,Victoria Howell,50014.42,39018.58
2024-12-05,West,Tablet,24,1461.53,605.3,Yvonne Pugh,35076.72,20549.52
2024-08-16,East,Tablet,22,1411.84,713.05,Andrea Daniels,31060.48,15373.38
2024-05-24,East,Tablet,38,713.55,799.37,Juan Davis PhD,27114.899999999998,-3261.1600000000017
2025-04-03,West,Laptop,24,1461.08,115.17,Thomas Ellison,35065.92,32301.839999999997
2025-03-18,East,Laptop,6,619.07,565.09,Michael Berry,3714.42,323.8800000000001
2024-10-16,West,Keyboard,83,1061.86,1154.69,Jason Thompson,88134.37999999999,-7704.890000000013
2024-05-13,North,Monitor,22,1430.94,735.02,Julie Smith,31480.68,15310.240000000002
2025-03-06,West,Keyboard,60,474.54,685.73,Angela Washington,28472.4,-12671.4
2024-07-24,East,Tablet,47,1269.67,1080.15,Carla Tran,59674.490000000005,8907.439999999999
2024-09-10,West,Monitor,52,853.45,184.91,Theresa Jimenez,44379.4,34764.08
2025-03-07,West,Mouse,82,527.33,160.16,David Prince,43241.060000000005,30107.940000000006
2024-08-17,East,Mouse,26,952.71,1153.25,Brandon Cuevas,24770.46,-5214.039999999999
2024-04-20,West,Mouse,28,441.32,1060.39,Johnny Kirk,12356.96,-17333.960000000006
2024-07-25,North,Monitor,13,727.18,120.4,Courtney Greene,9453.34,7888.139999999999
2024-10-30,South,Smartphone,54,1429.38,614.37,Kathryn Smith,77186.52,44010.54000000001
2025-01-21,East,Keyboard,65,1229.23,604.47,Juan Phillips,79899.95,40609.4
2024-05-30,South,Tablet,91,607.26,642.33,Joshua Davis,55260.659999999996,-3191.3700000000044
2024-09-25,West,Smartphone,67,792.4,521.54,Lindsay Ruiz,53090.799999999996,18147.620000000003
2025-03-21,North,Monitor,55,1028.11,175.0,Scott Merritt,56546.049999999996,46921.049999999996
2024-11-26,South,Tablet,71,252.25,110.37,Cynthia York,17909.75,10073.48
2024-12-06,South,Tablet,97,122.14,337.96,Lynn Salinas,11847.58,-20934.54
2024-06-02,North,Monitor,39,332.11,195.78,Denise Smith,12952.29,5316.870000000001
2024-07-11,North,Monitor,69,1453.74,1103.89,Megan Davis,100308.06,24139.649999999994
2025-01-21,East,Tablet,86,346.82,659.67,Jessica Johnson,29826.52,-26905.1
2024-07-23,East,Laptop,79,1436.05,1121.11,Beverly Williams,113447.95,24880.260000000006
2025-03-24,East,Laptop,43,1126.38,937.53,Anthony Lopez,48434.340000000004,8120.550000000006
2024-11-25,North,Laptop,31,997.46,843.55,Theresa Townsend,30921.260000000002,4771.210000000003
2024-04-27,South,Laptop,3,1455.02,1100.33,Lance Shepherd,4365.0599999999995,1064.0700000000002
2024-12-15,West,Monitor,77,787.03,208.67,Travis Pearson,60601.31,44533.72
2024-05-21,West,Mouse,2,68.36,190.71,David Leon,136.72,-244.70000000000002
2024-12-24,East,Monitor,55,269.67,270.45,Amy Newton,14831.85,-42.8999999999985
2024-08-05,North,Laptop,67,1461.14,248.9,Rodney Jennings,97896.38,81220.08
2024-12-23,East,Smartphone,70,722.18,272.82,David Hernandez,50552.6,31455.199999999997
2024-05-17,East,Monitor,69,1407.79,191.21,Craig Williams,97137.51,83944.01999999999
2024-06-29,North,Keyboard,9,1266.77,494.69,Rachel Nelson,11400.93,6948.719999999999
2024-08-06,West,Mouse,100,1337.91,637.48,Joshua Hall,133791.0,70043.0
2024-11-07,North,Smartphone,58,689.71,1191.53,Carolyn Yates,40003.18,-29105.559999999998
2024-07-22,South,Keyboard,92,862.84,364.1,John Rojas,79381.28,45884.08
2024-04-19,East,Tablet,17,487.47,958.04,Carlos Knight,8286.99,-7999.689999999999
2024-12-28,East,Smartphone,97,1289.03,400.66,Mark Bennett,125035.91,86171.88999999998
2024-11-19,West,Mouse,100,1374.86,913.35,Christine Mack,137486.0,46150.999999999985
2024-08-07,North,Smartphone,95,562.0,298.38,Jacqueline Moore,53390.0,25043.9
2024-04-10,South,Smartphone,30,940.57,72.78,Dr. Krista Smith,28217.100000000002,26033.7
2024-12-11,East,Mouse,83,152.53,310.74,Christina Powers,12659.99,-13131.43
2024-11-21,West,Smartphone,91,799.93,990.27,Dale Hill,72793.62999999999,-17320.940000000002
2024-04-24,West,Monitor,34,414.92,1042.1,Gary Gilbert,14107.28,-21324.119999999995
2024-04-22,South,Laptop,96,330.96,575.24,Dr. Michelle Gonzales,31772.159999999996,-23450.880000000005
2025-04-05,North,Smartphone,38,1487.76,1134.65,Robert Perez,56534.88,13418.179999999997
2025-01-18,North,Mouse,91,540.17,658.87,Sarah Martinez,49155.469999999994,-10801.700000000004
2025-02-09,East,Tablet,55,389.97,1015.65,Andrew Bentley,21448.350000000002,-34412.399999999994
2024-09-11,South,Laptop,9,725.98,641.08,Tina Taylor,6533.82,764.0999999999998
2024-08-23,North,Keyboard,9,390.93,863.31,Robert Villa,3518.37,-4251.419999999999
2024-11-23,North,Tablet,65,591.73,1070.48,Emma Kelly,38462.450000000004,-31118.75
2024-12-22,South,Laptop,43,822.18,894.74,Alexis Crosby,35353.74,-3120.0800000000027
2024-04-20,East,Mouse,79,836.82,307.85,Julie Wells,66108.78,41788.630000000005
2025-01-05,East,Monitor,67,250.88,696.96,Marc Miller,16808.96,-29887.360000000004
2024-08-03,West,Mouse,45,1055.22,238.13,Peter Parker,47484.9,36769.05
2024-12-02,South,Smartphone,50,343.43,418.59,Mark Lopez,17171.5,-3757.999999999998
2025-04-04,East,Mouse,19,859.26,781.88,Kimberly Johnson,16325.94,1470.2199999999998
2024-09-08,West,Laptop,62,499.0,161.37,Jamie Farmer,30938.0,20933.06
2025-03-17,North,Monitor,32,1414.33,1078.53,Aaron Powell,45258.56,10745.599999999999
2024-07-17,North,Smartphone,43,1198.47,1114.01,Nicole Garrison,51534.21,3631.7800000000016
2024-04-28,North,Mouse,6,827.58,1125.79,Renee Fernandez,4965.4800000000005,-1789.2599999999995
2024-12-13,South,Keyboard,82,224.65,111.85,Paul Shaffer,18421.3,9249.6
2024-05-09,North,Tablet,47,266.76,417.87,James Campbell,12537.72,-7102.170000000001
2024-10-18,North,Laptop,73,1415.2,73.53,Stanley Stanley,103309.6,97941.91
2025-01-21,East,Smartphone,72,782.82,466.55,John Rogers,56363.04,22771.440000000002
2024-10-27,West,Keyboard,20,1020.13,253.43,Jeffrey Davis Jr.,20402.6,15334.0
2025-02-23,West,Monitor,69,406.17,652.59,Ashley Webster,28025.73,-17002.98
2025-02-27,North,Smartphone,13,191.27,1185.99,Ethan Freeman,2486.51,-12931.36
2025-03-02,East,Monitor,9,461.76,854.26,Gina Rodriguez,4155.84,-3532.5
2024-09-13,East,Mouse,66,664.9,204.29,Lori Walton,43883.4,30400.260000000002
2024-07-21,North,Keyboard,19,602.59,419.48,Anthony Cobb,11449.210000000001,3479.09
2024-06-08,North,Mouse,21,835.81,746.29,Tabitha Williams,17552.01,1879.9199999999996
2024-08-27,South,Tablet,49,1130.82,426.79,Julie Scott,55410.18,34497.47
2025-03-10,East,Mouse,69,1216.67,1098.05,Jessica Lyons,83950.23000000001,8184.780000000008
2024-05-03,North,Laptop,97,274.69,1022.91,Joshua Oliver,26644.93,-72577.34
2024-09-13,East,Monitor,63,392.21,205.43,Amy Murphy,24709.23,11767.139999999998
2024-08-14,South,Tablet,46,1437.59,708.72,Rebecca Roth,66129.14,33528.02
2024-09-02,East,Smartphone,16,174.38,531.02,Michelle Reed,2790.08,-5706.24
2024-09-07,North,Laptop,28,694.68,148.64,Erik Hawkins,19451.039999999997,15289.119999999999
2024-11-02,South,Laptop,60,873.66,554.82,Kyle Cooper,52419.6,19130.399999999994
2025-02-16,North,Smartphone,37,772.73,999.47,Colleen Garrison,28591.010000000002,-8389.380000000001
2024-09-19,North,Tablet,92,180.14,1116.0,Michelle Armstrong,16572.879999999997,-86099.12
2025-02-12,South,Keyboard,78,579.89,971.91,Mark Johnson,45231.42,-30577.559999999998
2024-12-10,North,Laptop,24,783.68,1038.65,David Aguirre,18808.32,-6119.280000000003
2024-12-05,North,Keyboard,34,738.4,61.37,Benjamin Simon,25105.6,23019.02
2024-08-28,East,Tablet,19,164.47,157.35,William Ward,3124.93,135.2800000000001
2024-06-18,South,Smartphone,64,1098.41,1118.29,Haley Harris,70298.24,-1272.3199999999924
2024-12-30,East,Keyboard,28,504.35,812.76,Michael Flores,14121.800000000001,-8635.48
2024-10-07,West,Monitor,59,324.97,858.59,David Hill,19173.230000000003,-31483.58
2024-12-14,East,Tablet,2,635.82,392.94,Jeremy Hughes,1271.64,485.7600000000001
2024-09-13,West,Keyboard,92,1013.55,968.74,Peter Walker,93246.59999999999,4122.519999999995
2024-11-05,North,Tablet,36,689.54,667.62,Michael Gillespie,24823.44,789.1199999999985
2024-12-07,West,Keyboard,5,512.99,1028.76,Andrew Perry,2564.95,-2578.85
2025-03-08,North,Keyboard,13,193.15,290.72,Rodney Browning,2510.9500000000003,-1268.4100000000003
2024-06-03,North,Tablet,8,1293.32,608.09,Becky Smith,10346.56,5481.839999999999
2024-09-04,North,Keyboard,85,953.22,190.46,Sandra Stevenson,81023.7,64834.6
2024-08-02,South,Tablet,42,1122.13,405.75,Jason French,47129.46000000001,30087.960000000006
2025-04-06,West,Tablet,17,1224.11,1171.0,Natasha Schultz,20809.87,902.8699999999983
2024-10-03,North,Laptop,31,784.83,203.94,Michael Villanueva,24329.73,18007.590000000004
2024-10-24,South,Tablet,67,1450.99,961.86,Joshua Lopez,97216.33,32771.71
2024-06-29,West,Mouse,76,645.06,1078.07,Nathan James,49024.56,-32908.76
2025-02-25,West,Mouse,10,239.72,232.46,John Cruz,2397.2,72.59999999999991
2025-01-28,West,Mouse,18,1290.6,345.6,Nicole Wiley,23230.8,17009.999999999996
2025-03-09,East,Tablet,34,1232.48,760.92,Mr. Stephen Sanders,41904.32,16033.040000000003
2025-01-25,North,Smartphone,7,165.58,768.04,Gary Crosby,1159.0600000000002,-4217.219999999999
2025-01-02,East,Mouse,76,761.04,920.81,Vanessa Jones,57839.03999999999,-12142.519999999999
2025-03-21,South,Laptop,48,65.54,382.83,Renee Patterson,3145.92,-15229.919999999998
2024-12-04,North,Mouse,82,1497.0,1122.02,Lindsay Douglas,122754.0,30748.36
2025-03-17,North,Laptop,39,1024.38,1026.78,Haley Thomas,39950.82000000001,-93.59999999999468
2024-09-20,South,Smartphone,66,211.74,525.64,Jeffrey Jensen,13974.84,-20717.399999999998
2025-03-18,South,Tablet,72,223.09,317.08,Anne Fuller,16062.48,-6767.279999999999
2025-01-03,West,Tablet,84,1242.48,942.72,Amanda Davis,104368.32,25179.84
2024-07-05,South,Monitor,1,1227.67,818.23,Heather Atkinson,1227.67,409.44000000000005
2024-10-22,North,Monitor,88,1104.69,1028.11,David Taylor,97212.72,6739.040000000014
2024-12-21,West,Laptop,10,754.81,1053.0,Stephen Mercado,7548.099999999999,-2981.9000000000005
2024-08-14,East,Smartphone,22,965.15,1079.02,Derek Hernandez,21233.3,-2505.1400000000003
2024-05-09,South,Smartphone,45,398.01,911.83,Chelsea Francis,17910.45,-23121.9
2024-11-16,West,Keyboard,28,537.58,73.05,Dana Hays,15052.240000000002,13006.84
2024-06-06,South,Laptop,24,1084.58,217.23,Jeffrey Reid,26029.92,20816.399999999998
2024-11-28,South,Laptop,28,465.12,601.56,Amber Navarro,13023.36,-3820.3199999999983
2025-01-04,West,Keyboard,57,781.53,631.01,Sara Harris,44547.21,8579.64
2025-02-24,West,Keyboard,80,64.94,461.31,Kevin Arnold,5195.2,-31709.6
2024-05-11,West,Laptop,38,394.77,614.25,Paul Wheeler,15001.259999999998,-8340.240000000002
2025-02-07,West,Monitor,46,447.61,518.96,Timothy Lynn,20590.06,-3282.1000000000013
2025-01-03,East,Mouse,37,1280.44,749.64,Eric Wolfe DDS,47376.28,19639.600000000002
2024-05-16,South,Keyboard,16,500.79,1013.72,Sara Becker,8012.64,-8206.880000000001
2025-01-11,West,Laptop,4,377.68,698.27,James Smith,1510.72,-1282.36
2024-10-31,East,Monitor,3,1466.02,1143.74,Ricardo Jenkins,4398.0599999999995,966.8399999999999
2024-05-29,South,Tablet,85,100.59,544.32,Stephanie Melton,8550.15,-37717.05
2024-09-13,West,Mouse,47,449.3,513.63,Laura Hall,21117.100000000002,-3023.5099999999993
2025-03-04,South,Laptop,15,673.91,578.69,Tamara Wu,10108.65,1428.2999999999988
2025-02-10,West,Laptop,92,1178.01,119.21,Karen Osborne,108376.92,97409.59999999999
2024-09-03,West,Monitor,76,371.44,1070.23,Devon Stone,28229.44,-53108.03999999999
2025-02-16,East,Tablet,22,232.96,40.19,Amanda Espinoza,5125.12,4240.9400000000005
2024-08-07,East,Laptop,89,389.39,955.28,Thomas Miller,34655.71,-50364.21
2024-10-06,East,Keyboard,48,1113.74,814.87,Antonio Mooney,53459.520000000004,14345.76
2024-11-30,East,Smartphone,81,57.75,1001.3,Angela Lambert,4677.75,-76427.55
2025-02-21,North,Keyboard,18,195.81,537.6,Amber Garcia,3524.58,-6152.22
2024-08-25,East,Monitor,92,421.4,56.91,Sarah Bradley,38768.799999999996,33533.08
2025-03-08,West,Mouse,22,502.28,45.34,Stephanie Martinez,11050.16,10052.679999999998
2024-09-25,East,Smartphone,76,220.98,763.53,Mrs. Tiffany White,16794.48,-41233.799999999996
2024-09-02,West,Monitor,26,700.08,347.53,Joseph Grant,18202.08,9166.300000000001
2024-09-30,North,Keyboard,40,927.01,1127.46,Jacob Carlson,37080.4,-8018.000000000002
2024-12-19,North,Monitor,44,583.61,1148.18,Anthony Lane,25678.84,-24841.08
2025-03-16,North,Smartphone,25,558.41,1008.57,Maria Collins,13960.25,-11254.000000000002
2025-02-22,West,Monitor,19,1068.81,464.17,Matthew Hernandez,20307.39,11488.159999999998
2024-05-15,East,Tablet,97,426.73,715.83,Shawn Villarreal,41392.810000000005,-28042.7
2024-11-17,South,Tablet,80,818.9,650.8,David Kelly,65512.0,13448.000000000002
2024-05-01,West,Smartphone,15,383.19,1123.28,Barbara Browning,5747.85,-11101.349999999999
2024-11-24,South,Smartphone,76,903.0,209.19,Bruce Bradley,68628.0,52729.56
2025-02-05,South,Monitor,20,854.55,359.36,Jeffery Blackwell,17091.0,9903.8
2024-05-31,North,Tablet,25,444.4,166.99,Carla Carlson,11110.0,6935.249999999999
2024-12-28,East,Laptop,49,209.77,1058.76,Benjamin Gonzalez,10278.730000000001,-41600.51
2024-07-11,West,Laptop,96,508.4,462.47,Zoe Huffman,48806.399999999994,4409.279999999995
2024-09-26,West,Mouse,48,905.5,860.33,Travis Clark MD,43464.0,2168.159999999998
2024-10-21,East,Laptop,32,1190.55,421.89,Paul Murillo,38097.6,24597.12
2025-03-29,East,Laptop,27,131.46,235.37,Michael Sampson,3549.42,-2805.5699999999997
2024-06-18,North,Keyboard,2,791.22,151.9,Jason Zavala,1582.44,1278.64
2024-07-08,East,Tablet,92,215.49,1096.36,Christopher Edwards,19825.08,-81040.04
2025-03-07,North,Mouse,33,1046.28,87.5,Todd Bright,34527.24,31639.739999999998
2024-05-02,West,Keyboard,10,1047.34,330.38,Andrew Hamilton,10473.4,7169.599999999999
2025-02-03,North,Monitor,33,1250.49,662.2,Robert Cohen,41266.17,19413.57
2024-09-22,North,Monitor,86,232.11,388.24,Alan Ramirez,19961.460000000003,-13427.18
2024-06-26,East,Tablet,4,991.89,90.97,Michael Bennett,3967.56,3603.68
2024-11-26,North,Monitor,19,831.76,554.53,Connor Frost,15803.44,5267.370000000001
2024-08-18,North,Mouse,34,961.72,269.31,Leslie Ryan,32698.48,23541.940000000002
2024-07-03,North,Laptop,20,331.72,72.07,Jeanette Miller,6634.400000000001,5193.000000000001
2025-03-20,South,Tablet,80,743.99,501.52,Richard Spencer,59519.2,19397.600000000002
2024-11-27,South,Tablet,62,1430.51,1043.72,Terry Thompson,88691.62,23980.979999999996
2025-01-09,North,Laptop,96,134.93,306.18,Logan Fisher,12953.28,-16440.0
2025-03-09,North,Laptop,50,1464.56,484.98,Ian Cohen,73228.0,48979.0
2024-06-16,North,Monitor,53,353.6,772.28,Tiffany Harris,18740.800000000003,-22190.039999999997
2024-04-26,North,Tablet,17,1086.06,919.09,Melissa Wright,18463.02,2838.4899999999984
2025-01-01,East,Monitor,39,1441.52,512.34,Teresa White,56219.28,36238.02
2024-05-25,North,Laptop,19,207.89,425.91,Timothy Li,3949.91,-4142.380000000001
2024-10-24,North,Tablet,89,473.02,423.75,Melissa Gomez,42098.78,4385.029999999999
2025-02-18,South,Monitor,98,1200.46,665.71,Jessica Murphy,117645.08,52405.5
2024-09-01,North,Mouse,96,464.33,952.44,Kimberly Briggs,44575.68,-46858.560000000005
2024-10-29,South,Keyboard,94,1467.4,848.56,Tracey Bush,137935.6,58170.960000000014
2024-08-26,North,Laptop,68,347.47,98.11,Amanda Thomas,23627.960000000003,16956.48
2024-05-25,South,Mouse,21,1008.13,35.84,Mr. John Serrano,21170.73,20418.09
2024-12-07,East,Tablet,4,500.04,102.82,Elizabeth Thomas,2000.16,1588.88
2024-08-16,East,Tablet,31,639.75,905.04,Brian Wright,19832.25,-8223.989999999998
2024-11-16,South,Mouse,19,140.07,120.33,Angel Leon,2661.33,375.0599999999999
2024-09-20,North,Mouse,70,64.68,928.85,Cody Lee,4527.6,-60491.90000000001
2024-12-16,East,Mouse,59,1156.82,753.57,Jeffery Tanner,68252.37999999999,23791.749999999993
2024-04-16,North,Mouse,11,774.88,287.02,Justin Sanchez,8523.68,5366.46
2024-07-06,South,Laptop,91,886.49,1008.22,Kristen Davis,80670.59,-11077.430000000002
2024-12-13,South,Monitor,84,372.09,428.18,Heather Miller,31255.559999999998,-4711.560000000003
2024-05-03,South,Mouse,6,902.96,1059.52,Fernando Weber,5417.76,-939.3599999999997
2024-08-03,North,Tablet,30,1368.49,162.74,Matthew Lopez,41054.7,36172.5
2024-06-28,South,Smartphone,75,454.04,1122.74,Scott Larson,34053.0,-50152.5
2024-07-20,North,Smartphone,88,1269.99,674.4,Carla Hart,111759.12,52411.920000000006
2024-12-07,East,Mouse,95,1278.68,84.79,Kaylee Leonard,121474.6,113419.55
2025-01-24,North,Keyboard,16,239.24,414.15,Robin Porter,3827.84,-2798.5599999999995
2024-12-24,South,Tablet,67,1161.14,958.76,Lynn Johnston,77796.38,13559.460000000006
2024-12-01,North,Keyboard,68,321.36,809.08,Jeremy Smith,21852.48,-33164.96
2025-01-27,North,Keyboard,99,1460.88,393.89,Tyler Richards,144627.12000000002,105632.01000000002
2024-11-07,West,Laptop,51,699.33,687.17,Douglas Brown,35665.83,620.1600000000042
2025-02-25,East,Mouse,63,989.45,797.33,Anna Delacruz,62335.350000000006,12103.56
2024-05-21,West,Mouse,47,782.91,41.2,Bryan Ho,36796.77,34860.369999999995
2024-11-18,South,Smartphone,69,641.22,925.03,Justin Cook,44244.18,-19582.889999999996
2025-02-12,West,Tablet,96,727.68,554.09,Jill Eaton,69857.28,16664.639999999992
2024-05-08,North,Keyboard,47,317.46,542.11,Shannon Kennedy,14920.619999999999,-10558.550000000001
2024-05-10,North,Smartphone,64,368.23,1073.8,Andrew Krause,23566.72,-45156.479999999996
2024-09-23,West,Laptop,76,1003.01,153.3,Christopher Young,76228.76,64577.96000000001
2024-04-15,South,Monitor,56,959.07,1077.22,Charles Williams,53707.920000000006,-6616.399999999999
2025-01-17,East,Mouse,72,1399.02,39.17,Maureen Osborne,100729.44,97909.2
2024-07-24,North,Keyboard,69,91.42,797.46,Amy Garcia,6307.9800000000005,-48716.76
2025-03-23,South,Mouse,53,501.81,989.72,Danielle Bridges,26595.93,-25859.23
2024-11-27,West,Keyboard,66,1191.15,803.0,Jennifer Mclaughlin,78615.90000000001,25617.900000000005
2025-03-23,South,Laptop,11,815.43,1028.56,Matthew Webster,8969.73,-2344.43
2025-02-16,West,Tablet,71,1183.76,778.19,Karen Guzman,84046.96,28795.469999999994
2025-02-23,South,Tablet,27,117.03,1144.47,Sarah White,3159.81,-27740.88
2024-06-04,East,Smartphone,18,1292.25,305.62,Mrs. Carrie Calhoun,23260.5,17759.34
2024-12-29,South,Smartphone,68,664.01,478.77,Justin Ramirez,45152.68,12596.32
2024-07-29,West,Keyboard,51,194.82,301.84,Dana Hernandez,9935.82,-5458.019999999999
2024-09-12,West,Laptop,64,237.51,1103.89,Michelle Malone,15200.64,-55448.32000000001
2024-06-09,South,Smartphone,66,562.11,583.73,Becky Burgess,37099.26,-1426.9200000000003
2024-10-27,East,Laptop,42,1298.67,300.53,Christopher Torres,54544.14,41921.880000000005
2024-07-24,West,Keyboard,41,687.73,462.59,Stacey King,28196.93,9230.740000000002
2024-05-08,South,Keyboard,65,1423.25,887.64,Sydney Smith,92511.25,34814.65
2025-01-16,South,Keyboard,80,96.43,465.59,Elizabeth Smith,7714.400000000001,-29532.799999999996
2025-02-26,East,Tablet,24,363.71,1056.97,Christopher Alexander,8729.039999999999,-16638.239999999998
2025-01-17,West,Laptop,12,701.31,742.02,Casey Russell,8415.72,-488.52000000000044
2024-07-01,East,Laptop,54,935.93,821.29,Mitchell Rodriguez,50540.219999999994,6190.5599999999995
2024-04-29,East,Keyboard,39,349.62,162.99,James Butler,13635.18,7278.57
2024-07-25,South,Laptop,4,1307.87,820.04,Blake Meyer Jr.,5231.48,1951.3199999999997
2025-01-09,West,Mouse,24,1034.9,93.61,Ricky Arellano,24837.600000000002,22590.960000000003
2025-01-14,North,Monitor,77,701.65,712.42,James Blake,54027.049999999996,-829.2899999999986
2025-03-21,South,Laptop,13,1368.05,131.46,Sarah Daniels,17784.649999999998,16075.669999999998
2024-05-13,South,Mouse,25,601.15,744.52,Shawn Hartman,15028.75,-3584.25
2024-11-15,West,Mouse,81,1002.19,795.74,Jeremy Montoya,81177.39,16722.450000000004
2024-05-28,East,Tablet,66,179.52,355.8,April Montgomery,11848.320000000002,-11634.48
2025-03-20,East,Smartphone,99,1117.26,534.02,Joshua Ball,110608.74,57740.76
2025-03-08,West,Keyboard,41,347.13,411.88,Nicole Montes,14232.33,-2654.75
2024-06-29,West,Smartphone,71,740.66,728.17,Wesley Faulkner,52586.86,886.7900000000006
2024-05-02,South,Monitor,59,756.89,1160.04,John Roberts,44656.51,-23785.85
2024-08-06,West,Laptop,17,763.26,196.36,Mark Benson,12975.42,9637.3
2024-12-03,South,Tablet,99,355.92,818.89,Alexandria Lewis,35236.08,-45834.03
2024-09-04,North,Keyboard,91,1360.19,810.34,Rebecca Williams,123777.29000000001,50036.35
2024-08-28,North,Smartphone,9,1398.92,467.82,Kelly Lawrence,12590.28,8379.900000000001
2025-03-13,West,Laptop,39,1409.37,667.07,Steven Lin,54965.42999999999,28949.699999999993
2025-02-28,East,Monitor,9,643.13,1116.53,Barbara Richmond,5788.17,-4260.599999999999
2024-06-27,South,Monitor,44,330.56,172.89,Benjamin Fuller,14544.64,6937.4800000000005
2025-01-08,North,Monitor,18,53.85,838.62,Michael Reyes,969.3000000000001,-14125.86
2024-05-21,South,Monitor,27,1322.0,1031.08,Sabrina Stafford,35694.0,7854.840000000002
2024-04-12,South,Keyboard,15,385.36,849.05,Jared Christensen,5780.400000000001,-6955.349999999999
2024-06-21,West,Smartphone,56,1072.58,727.65,Ashley Montoya,60064.479999999996,19316.079999999998
2024-05-18,South,Monitor,71,440.11,85.09,Garrett Weaver,31247.81,25206.42
2024-08-05,West,Smartphone,37,782.48,649.12,Patrick Holloway,28951.760000000002,4934.320000000001
2024-06-27,East,Keyboard,86,209.52,237.54,Paul Campbell,18018.72,-2409.7199999999984
2024-08-16,West,Mouse,9,219.92,560.61,Brandon Bradshaw,1979.28,-3066.2100000000005
2024-07-03,East,Mouse,6,979.22,226.77,Danielle Rose,5875.32,4514.700000000001
2024-08-16,North,Keyboard,57,1175.11,940.25,Thomas Madden,66981.26999999999,13387.019999999995
2025-02-05,West,Smartphone,92,429.48,933.53,Leon Gordon,39512.16,-46372.6
2024-08-05,South,Tablet,36,903.85,309.89,Gregory Savage,32538.600000000002,21382.56
2024-10-18,West,Smartphone,26,313.69,231.3,Laura Long,8155.94,2142.1399999999994
2025-01-02,South,Smartphone,18,983.45,1047.02,Peter Carter,17702.100000000002,-1144.2599999999989
2025-02-01,South,Laptop,70,920.91,402.26,Eric Diaz,64463.7,36305.5
2024-04-19,East,Laptop,18,138.26,1049.25,Tyler Gross,2488.68,-16397.82
2025-02-21,East,Smartphone,9,1067.58,1142.78,Melissa Jones,9608.22,-676.8000000000004
2024-05-10,West,Tablet,63,342.42,812.53,William Mendez,21572.460000000003,-29616.929999999997
2024-04-23,North,Tablet,98,1006.57,717.07,Marc Lee,98643.86,28371.0
2024-11-23,West,Monitor,81,1349.36,618.33,Mrs. Elizabeth Gonzalez,109298.15999999999,59213.429999999986
2024-12-03,North,Monitor,65,285.93,448.92,Jonathan Hickman Jr.,18585.45,-10594.35
2024-11-27,West,Monitor,93,674.38,32.85,Emily Roberts,62717.34,59662.29
2024-06-06,West,Laptop,39,210.94,615.63,Michele Hernandez,8226.66,-15782.91
2025-01-15,West,Mouse,81,558.79,371.18,Brianna Huber,45261.99,15196.409999999996
2024-04-10,East,Smartphone,9,1073.89,950.09,Tara Gibson,9665.01,1114.2000000000007
2024-11-14,East,Mouse,27,515.15,957.15,James Peters,13909.05,-11934.0
2024-11-12,North,Tablet,41,957.19,742.02,Benjamin Anderson,39244.79,8821.970000000003
2024-10-04,North,Tablet,86,781.78,483.62,Catherine Li,67233.08,25641.76
2025-02-02,West,Tablet,27,803.24,970.62,Lisa Lawrence,21687.48,-4519.26
2024-06-07,North,Laptop,77,156.3,1062.37,Mary Hahn,12035.1,-69767.39
2024-05-14,North,Smartphone,55,902.28,1061.35,Rodney Cooper,49625.4,-8748.849999999997
2025-01-05,East,Monitor,50,509.16,347.78,Lisa Love,25458.0,8069.000000000003
2025-04-08,East,Smartphone,37,944.77,724.16,Justin Tyler II,34956.49,8162.570000000001
2025-03-09,North,Keyboard,38,728.75,584.79,Mark Hanson,27692.5,5470.480000000001
2025-03-05,South,Tablet,68,1101.57,94.66,Jeremy Frye,74906.76,68469.88
2025-02-17,West,Tablet,28,1459.8,837.31,Paula Williams,40874.4,17429.72
2025-03-07,West,Laptop,65,1195.53,952.43,Nicholas Odonnell,77709.45,15801.500000000002
2024-09-10,North,Laptop,24,1045.83,1062.18,Hannah Gilbert PhD,25099.92,-392.4000000000033
2025-04-04,South,Keyboard,6,1341.6,341.77,Rose Reeves,8049.599999999999,5998.98
2024-06-11,West,Mouse,29,1052.99,389.58,Robert Mullins,30536.71,19238.890000000003
2025-03-03,West,Smartphone,7,1065.77,1102.31,Tiffany Reynolds,7460.389999999999,-255.77999999999975
2024-06-03,South,Laptop,74,972.16,704.31,Wanda Green,71939.84,19820.9
2025-01-20,South,Tablet,1,754.11,672.23,Marc Rodriguez,754.11,81.88
2025-01-28,North,Tablet,57,554.98,543.23,Tami Johnson,31633.86,669.75
2024-05-31,North,Monitor,91,1321.39,868.45,Tyler Carlson,120246.49,41217.54000000001
2024-08-19,South,Laptop,93,1432.47,273.26,Luis Gibbs,133219.71,107806.53
2025-03-18,North,Smartphone,83,190.65,269.79,Nancy Ellis,15823.95,-6568.620000000001
2024-07-17,North,Tablet,18,54.53,178.43,Hannah Santana,981.54,-2230.2000000000003
2024-04-17,West,Mouse,78,1476.66,916.51,David Fox,115179.48000000001,43691.700000000004
2024-06-23,West,Tablet,75,991.29,137.83,Cristina Lawson,74346.75,64009.49999999999
2024-07-17,East,Tablet,15,678.05,417.62,Ronald Wright,10170.75,3906.4499999999994
2024-11-06,South,Monitor,64,795.88,1120.62,Raymond Morrison,50936.32,-20783.359999999993
2024-10-12,West,Mouse,43,310.45,551.18,Mark Brown,13349.35,-10351.389999999998
2024-08-13,East,Tablet,100,197.41,666.35,Rachel Collins,19741.0,-46894.00000000001
2025-02-03,East,Tablet,82,157.97,1187.23,Timothy Olson,12953.539999999999,-84399.31999999999
2024-07-01,South,Monitor,87,126.45,1138.01,Mark Henry,11001.15,-88005.72
2024-07-29,East,Tablet,79,940.66,979.21,Nicole Long,74312.14,-3045.4500000000053
2024-05-27,South,Mouse,56,863.08,541.37,Heather Clark,48332.48,18015.760000000002
2024-10-26,South,Mouse,11,1369.61,64.19,Crystal Rios,15065.71,14359.619999999999
2024-09-02,North,Monitor,69,660.56,848.65,Michael Sanders,45578.64,-12978.210000000003
2024-10-03,East,Mouse,20,1254.34,105.66,Michael Gregory,25086.8,22973.6
2025-03-18,South,Keyboard,52,523.0,679.81,Brian Chavez,27196.0,-8154.119999999997
2024-12-16,West,Tablet,99,753.49,374.35,Carly Robinson,74595.51,37534.86
2024-10-23,East,Tablet,86,273.88,42.68,Ruth Fry,23553.68,19883.2
2025-04-04,West,Monitor,92,985.42,897.45,Dawn Wells,90658.64,8093.2399999999925
2024-05-13,South,Keyboard,80,838.08,589.83,Frank Fritz,67046.40000000001,19860.0
2024-12-24,East,Keyboard,2,1491.24,530.48,Roger Roman,2982.48,1921.52
2024-05-27,West,Mouse,58,462.1,529.52,Dustin James,26801.800000000003,-3910.359999999998
2025-01-27,East,Keyboard,65,166.98,1046.23,Cameron Harrison,10853.699999999999,-57151.25
2024-12-24,West,Mouse,88,215.19,656.62,Jeremy Young,18936.72,-38845.840000000004
2024-10-22,South,Mouse,85,509.56,116.93,Edward Blake,43312.6,33373.55
2024-08-11,East,Laptop,3,156.14,188.05,Jessica Jordan,468.41999999999996,-95.73000000000008
2024-10-07,East,Tablet,10,411.96,296.83,Mercedes Stevenson,4119.599999999999,1151.3
2024-08-04,West,Mouse,96,1412.53,365.67,Paul Henderson,135602.88,100498.56
2025-02-07,South,Keyboard,70,166.78,766.4,Katelyn Randall,11674.6,-41973.4
2025-01-31,West,Mouse,34,584.51,911.16,Megan West,19873.34,-11106.099999999999
2025-02-23,North,Smartphone,93,550.41,659.26,Brittney Benson,51188.13,-10123.050000000003
2024-10-23,North,Laptop,31,1034.96,130.25,Traci Burton,32083.760000000002,28046.010000000002
2024-06-22,South,Keyboard,61,815.58,707.72,Vincent Silva,49750.380000000005,6579.460000000001
2024-11-05,North,Laptop,8,817.3,1091.98,Yvonne Short,6538.4,-2197.4400000000005
2024-06-14,South,Smartphone,77,854.45,46.69,Savannah Newton,65792.65000000001,62197.52
2024-06-23,East,Smartphone,85,499.07,1051.66,Gary Johnson,42420.95,-46970.15000000001
2024-09-15,North,Tablet,32,726.65,272.99,Antonio Williams,23252.8,14517.119999999999
2025-02-13,South,Tablet,19,166.89,925.71,Mrs. Alison Green,3170.91,-14417.580000000002
2024-12-05,East,Keyboard,9,1181.76,1005.1,Sheila Brown,10635.84,1589.9399999999996
2024-10-10,North,Monitor,17,1117.5,666.75,Juan Bryan,18997.5,7662.75
2024-09-09,South,Laptop,80,1404.74,990.54,Brittany Kim,112379.2,33136.0
2025-03-03,South,Mouse,78,240.27,419.56,Andrew Smith,18741.06,-13984.619999999999
2025-02-12,South,Monitor,58,1232.86,1049.15,Joseph Washington,71505.87999999999,10655.17999999999
2024-12-03,East,Mouse,2,823.61,183.89,Michael Sheppard DDS,1647.22,1279.44
2024-08-05,West,Smartphone,76,880.44,537.2,Jesse Smith,66913.44,26086.24
2024-11-28,South,Mouse,11,99.94,265.04,Savannah Miles,1099.34,-1816.1000000000004
2025-01-24,West,Monitor,99,1488.01,445.93,Kelly Roberts,147312.99,103165.92
2025-01-18,North,Laptop,35,853.32,283.95,Jeffrey Evans,29866.2,19927.950000000004
2025-03-02,South,Smartphone,27,637.46,688.35,Jamie Sutton,17211.420000000002,-1374.0299999999997
2024-08-06,South,Smartphone,69,772.0,567.44,Kevin Combs,53268.0,14114.639999999996
2024-04-10,East,Keyboard,75,457.92,183.38,Rachel Anderson,34344.0,20590.5
2024-10-17,South,Mouse,26,1248.34,540.14,Kimberly Dixon,32456.839999999997,18413.199999999997
2024-05-07,North,Smartphone,90,1481.0,897.75,Dr. Michelle Williams MD,133290.0,52492.5
2025-01-10,East,Laptop,3,351.93,544.62,Michelle Johnson,1055.79,-578.0699999999999
2024-06-20,North,Mouse,29,522.01,60.82,Michelle Smith,15138.289999999999,13374.51
2024-06-13,North,Tablet,69,944.72,147.94,Karen Palmer,65185.68,54977.82
2024-05-20,East,Monitor,81,1298.88,672.34,Leah Dickerson,105209.28000000001,50749.740000000005
2025-01-22,West,Smartphone,17,1444.09,908.21,Jacob Gross,24549.53,9109.959999999997
2024-11-12,West,Keyboard,66,506.64,219.49,Curtis Bradshaw,33438.24,18951.899999999998
2024-06-01,West,Keyboard,90,298.03,699.11,Frank Henderson,26822.699999999997,-36097.200000000004
2024-10-08,East,Keyboard,59,766.46,886.48,Phillip Brown,45221.14,-7081.1799999999985
2025-01-01,West,Keyboard,87,626.33,540.16,Tristan Collins,54490.71000000001,7496.790000000006
2024-12-26,West,Monitor,72,321.97,948.96,Amber Jenkins,23181.840000000004,-45143.28
2025-03-10,East,Monitor,66,441.92,471.3,Adrienne Jones,29166.72,-1939.0799999999997
2025-01-14,North,Mouse,57,1377.6,869.14,Rebecca Hernandez,78523.2,28982.219999999994
2024-04-30,South,Tablet,15,631.03,128.03,Christina Wright,9465.449999999999,7545.0
2024-12-13,South,Keyboard,70,189.75,679.89,Douglas Romero,13282.5,-34309.799999999996
2025-02-23,East,Smartphone,95,134.7,1057.06,Michelle Johnson,12796.499999999998,-87624.2
2024-11-27,North,Keyboard,9,1274.21,787.22,George Wall,11467.89,4382.91
2024-07-26,East,Keyboard,87,479.16,502.82,Adam Smith,41686.920000000006,-2058.4199999999973
2025-02-22,West,Mouse,49,805.44,560.81,Susan Jackson,39466.560000000005,11986.870000000006
2024-12-30,West,Tablet,4,1355.51,637.49,Matthew Maxwell,5422.04,2872.08
2025-01-09,West,Smartphone,44,1409.71,54.58,Joseph Baker,62027.240000000005,59625.72
2024-07-08,South,Mouse,67,729.57,65.89,Michael Williams,48881.19,44466.560000000005
2025-01-01,South,Monitor,68,1273.24,449.76,Todd Scott,86580.32,55996.64
2024-05-28,West,Tablet,29,152.1,196.84,Elizabeth Anderson,4410.9,-1297.4600000000003
2025-02-18,East,Mouse,49,683.76,952.62,Mikayla Foster,33504.24,-13174.140000000001
2024-08-20,West,Monitor,82,491.83,784.99,Kathleen Perkins,40330.06,-24039.120000000003
2024-11-07,North,Monitor,59,670.72,1198.86,Tyler Jordan,39572.48,-31160.25999999999
2025-02-08,East,Laptop,23,887.96,1000.31,Bobby Wyatt,20423.08,-2584.049999999998
2025-01-02,South,Mouse,94,327.18,646.64,Stephanie Armstrong,30754.920000000002,-30029.239999999998
2024-05-27,North,Monitor,79,518.33,505.08,Amanda Jones,40948.07,1046.7500000000045
2024-05-03,North,Tablet,33,955.12,62.63,Jose Patel,31518.96,29452.170000000002
2024-06-02,West,Mouse,74,445.4,1016.53,Kimberly Brown,32959.6,-42263.62
2025-04-02,West,Monitor,50,716.89,1176.83,Kenneth Wallace,35844.5,-22996.999999999996
2025-01-16,North,Smartphone,1,726.05,662.62,Isaiah Hinton,726.05,63.42999999999995
2024-05-10,South,Keyboard,97,494.12,1148.97,Ariel Foster,47929.64,-63520.450000000004
2025-03-02,South,Smartphone,80,184.45,693.0,Katie Young,14756.0,-40684.0
2024-11-08,East,Mouse,76,530.26,92.23,Amber Peterson,40299.76,33290.28
2024-07-26,East,Mouse,67,175.56,909.51,Dave Miller,11762.52,-49174.65
2024-05-08,West,Smartphone,7,1277.24,710.15,Nicholas Smith,8940.68,3969.63
2024-05-18,North,Smartphone,44,309.75,770.94,Grace Hardy,13629.0,-20292.36
2024-10-14,North,Tablet,83,1321.97,570.94,Tom Gray,109723.51000000001,62335.49
2024-12-18,South,Keyboard,15,1416.12,293.77,Jason Bailey,21241.8,16835.25
2024-05-01,East,Laptop,54,496.01,512.96,Elizabeth Harrison,26784.54,-915.3000000000025
2024-07-22,South,Keyboard,51,1474.74,279.66,Jessica Frederick,75211.74,60949.079999999994
2025-02-02,South,Mouse,67,513.72,941.44,Kimberly Peterson,34419.240000000005,-28657.24
2024-11-09,South,Keyboard,72,270.6,626.11,Andrew Walker,19483.2,-25596.72
2024-06-25,West,Tablet,55,1108.17,47.2,Logan Martinez,60949.350000000006,58353.35
2025-02-20,West,Keyboard,66,630.41,1172.29,Eric Smith,41607.06,-35764.08
2024-04-13,North,Smartphone,12,679.96,904.21,Sharon Buckley,8159.52,-2691.0
2024-08-30,East,Mouse,8,1126.02,1187.64,Kerry Thompson,9008.16,-492.96000000000095
2025-01-26,West,Smartphone,64,1017.55,517.73,Daniel Kim,65123.2,31988.479999999996
2025-04-08,East,Mouse,78,841.03,688.51,Bryan Woods,65600.34,11896.559999999998
2024-09-13,North,Laptop,21,1020.4,876.49,Kenneth Giles,21428.399999999998,3022.109999999999
2025-02-10,East,Tablet,43,564.66,113.86,Anthony Montoya,24280.379999999997,19384.399999999998
2024-07-26,East,Laptop,2,849.24,573.72,Alexander Blake,1698.48,551.04
2024-08-18,West,Monitor,94,963.84,886.24,John Miller,90600.96,7294.400000000002
2024-12-21,North,Monitor,18,1393.94,256.93,Dustin Brooks,25090.920000000002,20466.18
2024-11-06,East,Tablet,71,448.8,136.7,Martin Garcia,31864.8,22159.100000000002
2024-06-22,North,Tablet,55,757.19,351.62,Jacob Schneider,41645.450000000004,22306.350000000002
2024-12-24,East,Keyboard,63,952.24,799.11,Tyler Smith,59991.12,9647.19
2024-10-18,North,Keyboard,79,389.96,340.74,Robert Wilson,30806.84,3888.379999999998
2024-09-24,North,Monitor,71,78.94,1111.25,Vickie Rodriguez,5604.74,-73294.01
2024-06-13,West,Mouse,60,1069.93,852.03,Sabrina Johnson,64195.8,13074.000000000005
2024-07-07,North,Mouse,24,100.47,374.12,William Dunn,2411.2799999999997,-6567.599999999999
2025-01-28,North,Mouse,56,808.04,54.58,Carol Price,45250.24,42193.759999999995
2024-05-04,North,Laptop,16,432.11,786.79,Kenneth Lee,6913.76,-5674.879999999999
2025-01-22,East,Mouse,100,407.76,247.19,Kathryn Wells,40776.0,16057.0
2024-06-28,East,Laptop,77,634.11,369.31,Grant Brown,48826.47,20389.600000000002
2025-04-01,South,Monitor,11,1143.04,755.07,Zachary Marshall,12573.439999999999,4267.669999999999
2024-07-19,South,Mouse,59,613.35,868.4,Jacqueline Hamilton,36187.65,-15047.949999999997
2024-11-23,East,Keyboard,1,308.23,480.7,Stephen Harris,308.23,-172.46999999999997
2025-02-28,North,Tablet,8,363.69,858.42,William Malone,2909.52,-3957.8399999999997
2025-04-04,North,Laptop,63,154.37,88.36,Christopher Walker,9725.31,4158.63
2025-02-05,South,Monitor,50,1173.04,914.18,Nancy Hooper,58652.0,12943.0
2024-08-07,West,Tablet,11,741.45,385.37,Brenda Brown,8155.950000000001,3916.8800000000006
2024-11-14,East,Monitor,66,1286.43,183.63,Melissa Castaneda,84904.38,72784.80000000002
2025-02-03,West,Mouse,21,785.01,526.31,Robert Thornton,16485.21,5432.700000000001
2024-12-06,North,Smartphone,95,1359.29,791.78,William Villarreal,129132.55,53913.45
2024-04-18,North,Monitor,51,579.23,404.34,Christopher Castro,29540.73,8919.390000000003
2025-02-16,West,Mouse,66,1395.26,132.55,Mr. Justin Bryant MD,92087.16,83338.86
2024-12-07,East,Smartphone,100,1479.65,685.12,Kelli Foster,147965.0,79453.00000000001
2024-12-12,East,Keyboard,39,964.01,874.61,Kayla Edwards,37596.39,3486.599999999999
2024-05-29,East,Tablet,56,1302.89,87.36,Michael Ramirez,72961.84000000001,68069.68000000001
2024-07-21,North,Monitor,61,772.0,152.56,Lindsay Garcia,47092.0,37785.840000000004
2024-09-29,East,Monitor,9,172.1,1018.02,Heather Lewis,1548.8999999999999,-7613.28
2025-02-20,East,Smartphone,10,254.11,1022.87,Juan Collins,2541.1000000000004,-7687.6
2024-06-06,West,Mouse,14,742.76,38.72,Robert Lam,10398.64,9856.56
2025-03-19,East,Monitor,89,1197.2,999.21,Elizabeth Green,106550.8,17621.11
2024-05-11,West,Tablet,87,544.84,344.15,Andrea Lloyd,47401.08,17460.030000000006
2024-08-28,North,Mouse,46,1200.21,951.2,Spencer Mitchell,55209.66,11454.46
2025-02-05,South,Laptop,50,140.69,446.45,Diana Richards,7034.5,-15288.0
2025-01-21,South,Monitor,68,765.84,959.76,Debra Powell,52077.12,-13186.559999999998
2025-03-25,North,Mouse,62,776.3,1152.51,Maureen Tran,48130.6,-23325.020000000004
2024-11-29,East,Tablet,14,1110.04,427.93,Rebecca Chaney,15540.56,9549.539999999999
2024-06-28,East,Monitor,15,1472.31,278.46,Marcus Franklin,22084.649999999998,17907.75
2025-01-26,South,Mouse,7,1387.68,1087.32,Miss Tammy Perez,9713.76,2102.520000000001
2024-06-03,North,Laptop,51,328.85,656.14,Jonathan Jacobs,16771.350000000002,-16691.789999999997
2024-06-11,West,Laptop,99,741.82,776.02,Angela Fisher,73440.18000000001,-3385.7999999999934
2025-02-04,South,Keyboard,22,1173.27,1115.08,Marisa Richards,25811.94,1280.1800000000012
2024-09-10,East,Tablet,87,1223.65,798.45,Allison Lee,106457.55,36992.4
2025-03-05,South,Laptop,68,722.71,327.52,Janice Doyle,49144.28,26872.920000000006
2024-07-03,North,Keyboard,46,1211.91,32.61,Jeremy Cook,55747.86,54247.80000000001
2024-06-23,East,Monitor,21,550.38,37.58,Laura Jimenez,11557.98,10768.8
2024-12-22,East,Tablet,90,162.11,555.44,Brianna Burns,14589.900000000001,-35399.700000000004
2024-06-07,East,Mouse,77,928.46,605.6,Joshua Jackson,71491.42,24860.22
2024-10-27,North,Keyboard,96,133.03,410.16,Billy Smith,12770.880000000001,-26604.48
2025-03-25,North,Monitor,90,618.79,496.33,Lindsey Garcia,55691.1,11021.399999999998
2025-02-05,East,Laptop,16,1178.15,468.27,Tonya Bennett,18850.4,11358.080000000002
2024-10-30,South,Monitor,13,1036.21,1112.9,Stacy Mullen,13470.73,-996.9700000000007
2024-04-27,North,Smartphone,9,423.05,352.13,Michele Gilbert,3807.4500000000003,638.2800000000002
2024-11-10,North,Keyboard,27,121.34,1062.48,Andre Garcia,3276.1800000000003,-25410.78
2025-01-26,South,Mouse,83,1126.63,105.95,Jonathan Taylor,93510.29000000001,84716.44
2024-12-09,South,Tablet,56,583.44,260.28,Peggy King,32672.640000000003,18096.960000000006
2025-03-13,East,Tablet,21,1311.61,1051.15,Brandon Cannon,27543.809999999998,5469.659999999996
2024-08-05,South,Laptop,43,1210.57,780.95,Lee Barnett,52054.509999999995,18473.659999999996
2024-07-13,North,Laptop,90,1141.69,125.67,Raymond Tate,102752.1,91441.8
2024-11-03,South,Mouse,91,1106.17,1098.08,Eric Stevenson,100661.47,736.1900000000132
2024-12-07,North,Mouse,31,234.91,428.56,Nathan Ryan,7282.21,-6003.150000000001
2025-03-14,West,Smartphone,14,269.58,746.52,Amber Lewis,3774.12,-6677.16
2024-12-17,West,Mouse,95,1246.95,465.21,Melissa Johnson,118460.25,74265.3
2024-11-26,North,Keyboard,17,954.88,96.96,Cole Coleman,16232.96,14584.64
2024-06-27,South,Monitor,48,1388.27,1072.55,Jennifer Anderson,66636.95999999999,15154.560000000001
2024-12-20,North,Keyboard,68,273.78,1065.34,Michael Mendoza,18617.039999999997,-53826.079999999994
2024-07-29,West,Monitor,46,1213.74,1127.97,Regina Black,55832.04,3945.419999999999
2025-02-05,West,Laptop,86,1414.95,31.75,Pamela Orr,121685.7,118955.2
2024-08-21,East,Smartphone,1,1107.22,176.18,Janet Blair,1107.22,931.04
2024-04-16,East,Monitor,78,1353.05,1119.65,John Riddle,105537.9,18205.19999999999
2024-12-08,East,Tablet,67,949.59,1182.83,Danny Goodman,63622.53,-15627.079999999993
2024-11-13,South,Laptop,60,498.99,257.25,Kim Barajas,29939.4,14504.400000000001
2024-10-13,North,Mouse,10,1087.28,567.95,Carolyn Foster,10872.8,5193.299999999999
2024-06-29,West,Smartphone,40,387.4,98.82,Kendra Wells,15496.0,11543.199999999999
2024-06-06,West,Keyboard,9,1026.44,803.77,Austin Lane,9237.960000000001,2004.0300000000007
2024-11-18,West,Monitor,30,927.77,544.86,Gregory Brooks,27833.1,11487.3
2024-06-02,West,Tablet,2,372.16,1073.94,Christopher Schneider,744.32,-1403.56
2024-09-10,West,Monitor,92,953.68,767.24,Jonathan Moore,87738.56,17152.479999999996
2025-02-27,East,Keyboard,82,851.16,684.85,Bobby Ortega,69795.12,13637.419999999995
2024-09-11,North,Tablet,96,1273.07,763.59,Kelsey Moses,122214.72,48910.07999999999
2025-02-07,North,Tablet,4,1471.59,74.83,Alexis Gonzalez,5886.36,5587.04
2024-11-10,East,Keyboard,73,138.8,36.25,Kathleen Carr,10132.400000000001,7486.150000000001
2024-07-02,North,Laptop,62,1239.57,303.93,Maria Wilson,76853.34,58009.67999999999
2025-01-09,West,Laptop,17,607.13,55.17,Mckenzie Ayers,10321.21,9383.32
2025-02-18,West,Laptop,58,1471.81,788.01,Kimberly Hamilton,85364.98,39660.399999999994
2025-01-18,West,Smartphone,96,205.61,879.13,Thomas Mccoy,19738.56,-64657.92
2024-11-12,East,Keyboard,35,80.67,678.05,Jenna Lam,2823.4500000000003,-20908.3
2024-05-01,East,Tablet,55,74.47,1145.55,William Jones,4095.85,-58909.399999999994
2024-09-21,West,Smartphone,91,905.53,691.34,Michael Burnett,82403.23,19491.289999999994
2025-01-23,North,Keyboard,25,1181.44,321.38,Jonathan Hughes,29536.0,21501.5
2024-09-30,West,Tablet,6,591.93,682.74,Bianca Robinson,3551.58,-544.8600000000004
2025-03-25,South,Smartphone,83,688.33,590.92,Laura Olson,57131.39000000001,8085.030000000007
2024-04-20,West,Smartphone,64,241.91,598.29,Lawrence Holloway,15482.24,-22808.32
2024-12-11,East,Laptop,2,688.63,790.78,Mr. Travis Martin,1377.26,-204.29999999999995
2024-12-05,East,Tablet,25,419.48,907.39,Jerry Taylor,10487.0,-12197.75
2024-09-16,West,Keyboard,64,1167.66,87.57,Tonya Simmons,74730.24,69125.76000000001
2024-11-11,North,Monitor,12,1091.09,749.98,Christy Smith,13093.079999999998,4093.319999999999
2024-12-16,East,Smartphone,26,1007.37,876.87,Brian Johnston,26191.62,3393.0
2024-10-10,West,Laptop,42,763.74,327.58,Nicholas Ruiz,32077.08,18318.72
2025-03-27,East,Keyboard,88,1278.07,659.01,Justin Forbes,112470.15999999999,54477.28
2024-08-07,East,Monitor,77,867.05,478.27,Michele Randolph,66762.84999999999,29936.059999999998
2024-07-27,East,Mouse,68,395.36,916.07,Debra Johnson,26884.48,-35408.28
2025-01-11,East,Tablet,79,680.07,869.62,Ruben Jones,53725.530000000006,-14974.449999999997
2024-10-07,North,Keyboard,70,1316.6,372.9,Mary Rose,92162.0,66059.0
2025-03-27,North,Keyboard,77,1389.02,769.23,Lisa Frank,106954.54,47723.829999999994
2025-02-01,South,Smartphone,35,396.41,501.75,Thomas Williams,13874.35,-3686.899999999999
2024-09-27,South,Tablet,79,842.06,258.47,Donald Williams,66522.73999999999,46103.60999999999
2024-11-06,East,Keyboard,52,1091.53,407.99,Jennifer Miles,56759.56,35544.08
2024-07-20,East,Keyboard,61,644.07,820.49,Tammy Burgess,39288.270000000004,-10761.619999999997
2025-04-03,North,Tablet,44,1111.35,140.55,Jose Brown,48899.399999999994,42715.2
2025-02-21,West,Mouse,42,346.42,768.37,Alexis Sanford,14549.640000000001,-17721.899999999998
2024-12-07,North,Tablet,59,764.36,454.77,Tracy Brewer,45097.24,18265.81
2025-03-09,West,Laptop,24,1288.11,910.48,Joanna Hensley,30914.64,9063.119999999997
2024-09-11,West,Keyboard,63,213.01,941.61,Denise Baker,13419.63,-45901.8
2025-02-18,South,Keyboard,17,1345.67,598.15,Steven Riddle,22876.39,12707.840000000002
2025-02-06,North,Keyboard,64,1057.71,1001.09,Angela Smith,67693.44,3623.6800000000003
2024-08-15,North,Smartphone,13,116.94,1149.09,Alicia Hughes,1520.22,-13417.949999999999
2024-08-07,North,Monitor,33,1442.76,614.64,Anne Hudson,47611.08,27327.96
2025-04-03,North,Keyboard,13,610.78,861.47,Sean Mejia,7940.139999999999,-3258.9700000000007
2024-07-08,East,Laptop,100,637.72,844.7,Cole Baker,63772.0,-20698.0
2024-09-13,North,Mouse,89,985.31,515.71,Sophia Vargas,87692.59,41794.399999999994
2025-02-01,North,Mouse,62,247.32,1083.76,Jill May,15333.84,-51859.280000000006
2024-09-23,North,Mouse,100,434.91,863.07,Debbie Sanchez,43491.0,-42816.0
2025-04-08,East,Keyboard,55,1095.91,242.75,Maria Mcgee,60275.05,46923.8
2025-01-25,North,Laptop,97,1136.61,1183.08,Sarah Harris,110251.16999999998,-4507.590000000003
2024-10-18,West,Mouse,41,774.64,781.94,Erin Simpson,31760.239999999998,-299.3000000000028
2025-01-20,East,Monitor,95,303.65,1078.42,Jennifer Marshall,28846.749999999996,-73603.15000000001
2024-05-23,South,Laptop,94,1298.09,1047.5,Brandi Alexander,122020.45999999999,23555.459999999992
2024-10-25,North,Mouse,79,703.32,295.01,April Daniel,55562.280000000006,32256.490000000005
2024-07-01,East,Tablet,93,1039.88,101.11,Kelly Lin,96708.84000000001,87305.61000000002
2024-10-28,East,Smartphone,84,246.58,161.3,Jill Cameron,20712.72,7163.52
2024-05-14,West,Tablet,29,1135.47,548.46,Amanda Watson,32928.63,17023.29
2024-06-05,East,Mouse,96,365.29,1090.27,Ronnie Garcia,35067.840000000004,-69598.08
2024-09-27,West,Keyboard,47,1474.27,872.96,Christopher Warner,69290.69,28261.569999999996
2024-05-01,West,Keyboard,60,1235.35,192.16,Sharon Carpenter,74121.0,62591.39999999999
2025-02-22,South,Smartphone,12,902.0,189.9,Jesse Pratt,10824.0,8545.2
2024-09-02,North,Laptop,32,1362.69,677.73,Nathan Jensen,43606.08,21918.72
2024-06-09,North,Keyboard,18,1474.34,1080.99,Christian Higgins,26538.12,7080.299999999998
2025-04-09,South,Laptop,53,508.02,429.99,Kelly Lopez,26925.059999999998,4135.589999999998
2024-06-03,North,Tablet,22,822.74,168.45,Christopher Greene,18100.28,14394.38
2024-08-15,West,Laptop,99,693.18,825.54,Ryan Sutton,68624.81999999999,-13103.640000000001
2024-08-12,South,Monitor,46,1091.32,379.12,Monica Harris,50200.719999999994,32761.199999999997
2024-05-22,South,Smartphone,69,329.56,960.06,Christopher Pittman,22739.64,-43504.5
2024-10-12,North,Tablet,85,261.05,724.26,Jeffrey Lara,22189.25,-39372.85
2024-06-26,North,Mouse,19,1244.79,150.57,Dr. Michael Francis,23651.01,20790.18
2025-01-20,West,Monitor,38,212.53,326.97,Donna Munoz,8076.14,-4348.720000000001
2024-07-14,East,Smartphone,46,1078.81,192.98,Christopher Zamora,49625.259999999995,40748.17999999999
2024-12-06,South,Mouse,37,166.18,1031.8,Barbara Esparza,6148.66,-32027.939999999995
2025-03-04,West,Laptop,73,1377.78,388.65,Tyler Lucas,100577.94,72206.49
2024-07-09,East,Tablet,82,210.26,186.42,Michael Young,17241.32,1954.8800000000003
2024-07-18,South,Laptop,87,876.69,685.76,Gerald Adams,76272.03,16610.910000000007
2024-08-31,West,Keyboard,11,1140.72,91.95,Barbara Barrett,12547.92,11536.47
2024-05-22,South,Keyboard,18,1347.49,1084.24,Elizabeth Wolfe,24254.82,4738.5
2024-09-10,South,Laptop,57,431.3,1188.26,Jacob Anderson,24584.100000000002,-43146.72
2025-02-01,South,Smartphone,52,556.92,43.56,Tiffany Shaw,28959.839999999997,26694.719999999994
2024-10-04,North,Laptop,7,601.85,394.6,Christopher Hopkins,4212.95,1450.75
2024-07-25,East,Monitor,72,906.1,1110.95,Crystal Collins,65239.200000000004,-14749.2
2024-10-04,South,Tablet,14,1334.23,159.01,Kelly Gomez,18679.22,16453.08
2024-04-18,South,Tablet,6,79.33,108.0,Christine Adams,475.98,-172.02
2024-04-14,North,Tablet,56,79.26,1033.37,John Kim,4438.56,-53430.159999999996
2024-10-14,East,Tablet,62,1294.52,663.4,Ashley Pierce,80260.24,39129.44
2024-08-03,West,Laptop,56,1093.62,823.75,Robert Blackwell,61242.719999999994,15112.719999999994
2024-06-26,North,Laptop,70,1188.34,432.67,Anthony Jennings,83183.79999999999,52896.89999999999
2024-11-26,West,Tablet,25,1083.03,829.02,Christine Webb,27075.75,6350.25
2025-02-14,East,Smartphone,85,1365.27,170.76,Roy Pearson,116047.95,101533.35
2024-04-12,East,Mouse,58,1400.0,96.17,Sandra Jackson,81200.0,75622.14
2024-08-06,South,Tablet,34,861.63,835.22,Sarah Hawkins,29295.42,897.9399999999989
2024-12-16,South,Laptop,66,202.98,394.32,Caleb Steele,13396.679999999998,-12628.44
2025-03-16,West,Monitor,83,128.5,735.6,Robert Santiago PhD,10665.5,-50389.3
2024-07-28,South,Tablet,46,381.3,762.68,Brandon Wong,17539.8,-17543.479999999996
2025-01-26,West,Tablet,17,1239.92,198.51,Kiara Johnson,21078.64,17703.97
2025-03-27,East,Keyboard,93,1236.84,457.63,Bradley Clark,115026.12,72466.53
2024-12-22,East,Monitor,97,1120.87,67.46,Sharon Yoder,108724.38999999998,102180.76999999999
2024-10-30,East,Laptop,52,70.66,814.37,Kevin Gibson,3674.3199999999997,-38672.92
2024-12-10,West,Mouse,56,1143.02,551.8,Maria Baker,64009.119999999995,33108.32
2024-10-01,West,Mouse,82,206.41,885.18,Steven Mejia,16925.62,-55659.14
2024-07-31,West,Tablet,10,401.33,933.6,Amber Young,4013.2999999999997,-5322.7
2024-11-09,North,Keyboard,26,64.96,754.47,George Castro,1688.9599999999998,-17927.26
2025-01-01,West,Keyboard,13,190.65,536.93,Theresa Williams,2478.4500000000003,-4501.639999999999
2024-11-29,North,Monitor,2,141.23,536.97,Allison Johnson,282.46,-791.48
2024-08-30,West,Laptop,10,1349.11,338.58,Tonya Arnold,13491.099999999999,10105.3
2024-08-15,West,Mouse,28,51.78,359.45,Faith Martinez,1449.8400000000001,-8614.759999999998
2025-04-05,East,Smartphone,1,702.45,746.82,David Davidson,702.45,-44.370000000000005
2024-05-05,West,Monitor,34,845.04,1195.57,Mitchell Shields,28731.36,-11918.019999999999
2024-11-22,East,Keyboard,16,545.34,912.55,Matthew Parks IV,8725.44,-5875.359999999999
2024-10-07,South,Mouse,16,885.51,359.88,Nathan Holmes,14168.16,8410.08
2024-12-19,South,Mouse,71,1137.35,505.61,Lisa Mueller,80751.84999999999,44853.53999999999
2025-03-20,East,Smartphone,44,968.77,603.12,Jonathan Smith,42625.88,16088.599999999999
2024-10-18,West,Mouse,62,489.3,523.4,Jill Smith,30336.600000000002,-2114.199999999998
2025-02-04,West,Smartphone,48,589.69,134.94,Andrew Padilla,28305.120000000003,21828.000000000004
2024-11-07,West,Tablet,38,806.73,413.08,Roy Fry,30655.74,14958.7
2024-08-18,West,Keyboard,68,1315.8,1162.83,Alexander Smith,89474.4,10401.960000000003
2024-06-13,South,Mouse,57,1384.36,40.54,Nicholas Davis,78908.51999999999,76597.73999999999
2024-12-01,South,Monitor,53,1285.96,320.75,Shane Jackson,68155.88,51156.130000000005
2024-04-25,South,Tablet,45,662.1,513.65,Erin Scott MD,29794.5,6680.250000000002
2024-05-03,East,Smartphone,47,1221.23,834.6,Ronald Kelly,57397.81,18171.61
2025-01-22,South,Keyboard,81,1269.54,55.01,Joyce Kemp,102832.73999999999,98376.93
2024-08-02,North,Monitor,36,842.76,646.9,Kimberly Harris,30339.36,7050.960000000001
2024-06-10,West,Laptop,99,1211.27,62.69,Shane Patrick,119915.73,113709.42
2024-12-11,West,Tablet,50,714.76,809.65,Tiffany Rose,35738.0,-4744.499999999999
2024-10-23,East,Tablet,92,791.63,478.95,Billy Anderson,72829.96,28766.56
2025-04-07,North,Keyboard,20,1423.28,188.46,Andrew Weiss,28465.6,24696.399999999998
2024-04-18,North,Mouse,52,1150.05,909.57,Taylor Johnson,59802.6,12504.959999999995
2024-07-04,West,Smartphone,85,611.69,337.12,Victoria Davenport,51993.65,23338.450000000004
2024-06-19,East,Tablet,77,950.58,596.97,Christine Quinn,73194.66,27227.97
2025-01-24,South,Mouse,30,1094.71,92.75,Allison Joseph,32841.3,30058.800000000003
2024-08-30,East,Monitor,22,946.77,606.11,Deborah Harris,20828.94,7494.5199999999995
2024-09-18,East,Laptop,79,849.37,1155.67,Daniel Ferguson,67100.23,-24197.700000000004
2025-03-11,East,Laptop,60,1473.69,591.06,Jenna Boone,88421.40000000001,52957.8
2024-04-29,West,Keyboard,90,419.84,123.3,Sabrina Harmon,37785.6,26688.6
2024-08-12,West,Mouse,26,1177.04,432.13,Timothy Weber,30603.04,19367.66
2025-01-27,East,Smartphone,88,967.29,301.71,Sandra Valdez,85121.51999999999,58571.03999999999
2025-04-09,West,Monitor,62,1168.36,133.85,Cheyenne Benjamin,72438.31999999999,64139.62
2024-10-17,East,Laptop,59,390.97,536.78,Patricia Chandler,23067.230000000003,-8602.789999999997
2024-07-25,West,Mouse,95,743.85,1156.29,David Wagner,70665.75,-39181.799999999996
2025-04-03,North,Mouse,25,1240.34,1041.55,Tom Downs,31008.499999999996,4969.749999999999
2024-12-03,North,Monitor,33,209.81,503.99,Laura Page,6923.7300000000005,-9707.94
2024-05-17,South,Smartphone,69,216.51,123.17,Jacob Snyder,14939.189999999999,6440.459999999999
2025-02-20,West,Tablet,16,169.92,889.25,Mark Francis,2718.72,-11509.28
2024-09-12,North,Mouse,72,51.88,800.29,Samantha Walker,3735.36,-53885.52
2024-07-26,East,Mouse,84,452.56,1015.76,Micheal Delgado,38015.04,-47308.8
2024-06-19,North,Laptop,39,1289.54,1194.19,Stephen Ponce,50292.06,3718.6499999999965
2024-06-04,North,Monitor,46,422.13,89.86,Megan White,19417.98,15284.419999999998
2025-02-08,South,Monitor,92,315.56,894.86,Kelsey Robertson,29031.52,-53295.6
2024-11-13,East,Laptop,19,407.75,1010.68,Ethan Cummings,7747.25,-11455.669999999998
2024-12-26,South,Keyboard,20,821.63,723.31,James Mendoza,16432.6,1966.400000000001
2025-02-28,North,Keyboard,47,1031.18,654.67,Kyle Jones,48465.46000000001,17695.970000000005
2024-08-15,South,Laptop,38,1256.95,893.86,Taylor Middleton,47764.1,13797.420000000002
2024-12-14,East,Keyboard,59,660.85,496.02,Dr. Joseph Roberts V,38990.15,9724.970000000003
2024-08-04,North,Mouse,83,1389.11,894.79,Morgan Le,115296.12999999999,41028.56
2024-10-22,East,Keyboard,76,167.5,846.59,Douglas Reyes,12730.0,-51610.840000000004
2025-03-24,North,Mouse,18,567.61,96.78,Timothy Hall,10216.98,8474.94
2024-11-12,South,Smartphone,96,437.96,880.62,Steven Logan,42044.159999999996,-42495.36
2024-08-02,West,Laptop,32,385.13,485.57,Ashley Berg,12324.16,-3214.08
2024-05-03,West,Mouse,91,1471.6,431.87,David Ray,133915.6,94615.43000000001
2024-09-01,South,Tablet,87,1094.29,1156.84,Mark Bryan,95203.23,-5441.849999999996
2024-05-05,South,Monitor,86,1027.94,803.5,Emily Vaughn,88402.84000000001,19301.840000000004
2024-08-28,East,Smartphone,55,604.36,258.67,Judy Davis,33239.8,19012.95
2025-02-18,South,Keyboard,4,1191.43,951.32,Cole Clark,4765.72,960.44
2024-10-05,West,Tablet,16,512.63,162.16,Jesse Hines,8202.08,5607.52
2024-07-28,West,Tablet,45,119.49,672.3,Sarah Moon,5377.05,-24876.449999999997
2024-11-24,North,Monitor,42,884.25,348.29,Melissa Wilson,37138.5,22510.32
2024-05-08,West,Tablet,63,1092.36,389.85,Angela Walsh,68818.68,44258.12999999999
2024-12-13,North,Smartphone,35,990.6,340.89,Brandon Simmons,34671.0,22739.850000000002
2024-12-25,East,Smartphone,30,1243.65,709.08,Brian Morales,37309.5,16037.100000000002
2024-10-08,East,Monitor,18,91.92,862.04,Jillian Tate,1654.56,-13862.16
2025-04-03,North,Tablet,76,677.55,655.96,Andrew Washington,51493.799999999996,1640.8399999999938
2024-12-07,East,Smartphone,15,1253.36,176.58,Anthony Nelson,18800.399999999998,16151.699999999999
2025-03-02,South,Keyboard,34,700.85,565.83,Emily Atkinson,23828.9,4590.679999999999
2024-08-09,East,Laptop,92,1426.23,963.78,Steven Potter,131213.16,42545.4
2025-01-25,South,Laptop,54,769.43,453.56,Lauren Lin,41549.219999999994,17056.979999999996
2025-02-23,North,Laptop,58,1277.52,1109.58,Miss Heather Davis,74096.16,9740.520000000004
2025-03-08,North,Laptop,15,717.43,421.92,Kristina Paul,10761.449999999999,4432.649999999999
2024-11-08,South,Tablet,67,722.45,1179.51,Michael Decker,48404.15,-30623.019999999997
2024-04-09,South,Smartphone,96,925.27,226.39,Benjamin Burnett,88825.92,67092.48
2025-01-11,West,Monitor,85,960.7,58.97,Zachary Benjamin,81659.5,76647.05
2024-10-21,West,Mouse,14,939.23,701.52,Danielle Chapman,13149.220000000001,3327.9400000000005
2024-07-18,North,Keyboard,14,902.55,199.95,Chad Lara,12635.699999999999,9836.399999999998
2024-04-21,East,Monitor,89,1351.28,425.88,Michelle Williams,120263.92,82360.59999999999
2025-01-26,North,Laptop,51,250.41,582.53,Ronald Jones,12770.91,-16938.12
2025-01-28,West,Monitor,32,304.55,595.5,Michael Clark,9745.6,-9310.4
2024-12-06,North,Tablet,13,1012.77,935.97,Michael Gomez,13166.01,998.3999999999994
2025-03-02,South,Laptop,81,1001.84,188.28,Stephen Kelly,81149.04000000001,65898.36
2024-06-13,West,Monitor,79,635.19,738.5,Tracy Trujillo,50180.01,-8161.489999999996
2024-06-22,North,Mouse,80,954.03,594.82,Cynthia Zimmerman,76322.4,28736.799999999996
2024-07-30,West,Laptop,4,197.29,1091.02,Tiffany Moore,789.16,-3574.92
2024-11-25,West,Keyboard,15,829.54,161.6,Holly Hodges,12443.099999999999,10019.099999999999
2024-10-25,North,Keyboard,71,179.61,849.41,Tara Bates,12752.310000000001,-47555.799999999996
2025-02-04,South,Laptop,16,212.5,1094.62,Jennifer Hansen,3400.0,-14113.919999999998
2024-09-30,East,Mouse,80,1416.58,1180.67,Nicholas Allen,113326.4,18872.79999999999
2024-12-04,West,Keyboard,96,407.03,645.75,Douglas Wilson,39074.88,-22917.120000000003
2024-10-31,North,Laptop,78,213.94,75.75,John Carter,16687.32,10778.82
2024-05-03,East,Tablet,52,848.09,646.74,Tracy Sims,44100.68,10470.2
2024-10-31,East,Mouse,38,232.12,292.64,James Mason,8820.56,-2299.7599999999993
2024-10-27,South,Keyboard,79,1075.42,468.33,Daniel Smith,84958.18000000001,47960.110000000015
2024-05-16,East,Laptop,77,564.23,734.07,Traci Nichols,43445.71,-13077.680000000002
2025-04-03,North,Tablet,25,1133.32,1102.85,Timothy Greer,28333.0,761.7500000000007
2024-11-04,West,Smartphone,46,1318.24,851.03,Jonathan Flores,60639.04,21491.660000000003
2024-10-31,East,Smartphone,19,698.26,1032.98,Frederick Fowler,13266.94,-6359.68
2024-11-29,East,Tablet,26,1475.4,968.37,David Johnson,38360.4,13182.780000000002
2024-07-16,North,Tablet,45,599.57,822.89,Jacqueline Wilkerson,26980.65,-10049.399999999998
2024-06-30,West,Tablet,81,1358.4,352.49,Tyler Green,110030.40000000001,81478.71
2025-03-10,North,Tablet,12,500.36,337.67,Maria Rivas,6004.32,1952.28
2024-10-09,South,Laptop,16,1270.81,585.13,Andrew Higgins,20332.96,10970.88
2024-04-24,North,Keyboard,39,703.39,55.78,Thomas Green,27432.21,25256.79
2024-08-12,North,Laptop,8,185.28,260.89,Tyler Moreno,1482.24,-604.8799999999999
2024-10-02,West,Tablet,34,351.5,662.85,James Whitaker,11951.0,-10585.900000000001
2024-11-16,West,Mouse,76,474.69,1051.13,Sonya Mcdowell,36076.44,-43809.44
2025-03-24,North,Smartphone,55,141.85,428.3,Brandon Hall,7801.75,-15754.750000000002
2024-04-15,West,Tablet,100,280.08,519.41,Ashley Jordan,28008.0,-23933.0
2025-01-26,North,Laptop,9,849.68,1096.59,Jeffrey Mitchell,7647.12,-2222.1899999999996
2024-11-06,West,Tablet,89,1398.23,399.31,Amber Brown,124442.47,88903.88
2024-08-10,East,Smartphone,76,952.76,469.27,Joseph Esparza,72409.76,36745.24
2024-09-27,West,Laptop,32,1147.2,565.12,Anthony Hudson,36710.4,18626.56
2024-10-01,North,Smartphone,87,1256.18,1136.6,Daniel White,109287.66,10403.460000000014
2024-10-20,West,Mouse,10,678.44,1160.17,Elizabeth Williams,6784.400000000001,-4817.3
2025-02-04,East,Keyboard,5,1086.54,392.67,Lynn Bean,5432.7,3469.3499999999995
2025-01-10,South,Mouse,11,1005.26,59.16,Jennifer Little,11057.86,10407.1
2024-12-13,East,Tablet,99,1133.8,584.02,Robert Lane,112246.2,54428.219999999994
2024-05-10,North,Keyboard,9,730.56,412.68,Diana Harmon,6575.039999999999,2860.9199999999996
2025-02-17,West,Tablet,37,1372.38,719.25,Johnny West,50778.060000000005,24165.810000000005
2024-12-22,East,Keyboard,38,1031.24,524.35,Lindsey Holland,39187.12,19261.82
2024-08-02,North,Tablet,90,157.79,273.89,Mrs. Lisa Miller,14201.099999999999,-10449.0
2025-03-21,North,Monitor,71,211.93,319.03,Jamie Thomas,15047.03,-7604.099999999998
2024-07-31,South,Smartphone,38,1096.75,1187.67,Ronnie Brown,41676.5,-3454.9600000000028
2024-05-20,South,Mouse,95,169.94,1011.9,Emily Mayer,16144.3,-79986.2
2024-09-11,East,Tablet,36,963.4,260.92,Paul Stuart,34682.4,25289.28
2024-07-09,North,Keyboard,41,1499.49,233.59,Jeff Long,61479.090000000004,51901.9
2025-03-07,East,Keyboard,68,1417.58,462.72,Jeremy Newman,96395.44,64930.479999999996
2024-09-01,North,Laptop,94,683.04,707.68,Robert Davis,64205.759999999995,-2316.159999999999
2024-07-29,South,Smartphone,5,779.93,578.66,Patrick Castillo,3899.6499999999996,1006.3499999999999
2024-07-05,South,Laptop,85,984.21,1152.68,Erika Sanford,83657.85,-14319.950000000003
2024-06-04,South,Keyboard,83,1218.34,307.28,Gerald Mcpherson,101122.21999999999,75617.98
2024-12-09,East,Laptop,80,875.25,1133.1,Linda Elliott,70020.0,-20627.999999999993
2024-04-23,South,Tablet,19,606.84,348.63,Kerry Johnson,11529.960000000001,4905.990000000001
2024-07-21,West,Mouse,95,859.86,34.33,Mary Hall,81686.7,78425.34999999999
2025-02-20,West,Laptop,89,1192.47,1072.85,Brandon Rivera,106129.83,10646.180000000011
2024-12-18,East,Tablet,36,1193.02,1167.67,Melissa Tate,42948.72,912.5999999999967
2024-09-28,South,Tablet,16,561.96,409.17,Shelby Henry,8991.36,2444.6400000000003
2024-10-08,East,Tablet,79,816.6,642.03,Rebecca Lewis,64511.4,13791.030000000004
2024-12-13,East,Keyboard,39,695.83,1065.42,Dalton Chen,27137.370000000003,-14414.010000000002
2025-02-24,West,Tablet,67,792.49,873.39,Anthony Watson,53096.83,-5420.299999999998
2024-05-18,East,Mouse,86,700.92,804.05,Joshua Bell,60279.119999999995,-8869.18
2024-05-16,North,Keyboard,73,462.98,950.29,Heather Gonzalez,33797.54,-35573.63
2025-02-28,North,Laptop,2,1409.5,953.18,Dr. Anthony Mccoy DDS,2819.0,912.6400000000001
2024-10-28,South,Monitor,86,179.28,1006.1,Stephanie Powell,15418.08,-71106.52
2024-09-18,East,Keyboard,66,569.43,477.26,Jamie Johnson,37582.38,6083.2199999999975
2024-10-22,East,Mouse,82,70.79,1011.14,Eric Allen,5804.780000000001,-77108.7
2024-11-17,East,Mouse,34,1457.82,602.08,Edgar Cannon,49565.88,29095.159999999996
2024-11-06,East,Smartphone,38,137.05,1013.73,Michelle Jones,5207.900000000001,-33313.840000000004
2024-06-25,South,Mouse,45,1050.25,266.64,Devin Owen,47261.25,35262.45
2024-11-19,North,Mouse,67,635.84,722.37,Angela Ramos,42601.28,-5797.509999999998
2024-11-05,East,Smartphone,4,275.51,1066.6,Carol Powell,1102.04,-3164.3599999999997
2024-11-15,South,Monitor,39,403.98,716.3,Vanessa Sparks,15755.220000000001,-12180.479999999998
